"F_得意先番号","F_得意先名称","F_得意先略称","F_敬称","F_英語名称","F_先担当部課","F_先担当","F_先担当敬称","F_経理担当部課","F_経理担当","F_経理担当敬称","F_郵便番号","F_住所１","F_住所２","F_住所３","F_英語住所１","F_英語住所２","F_電話番号","F_ＦＡＸ番号１","F_ＦＡＸ番号２","F_輸送ＬＴ","F_請求先番号","F_納品書発行","F_在庫引当区分","F_個別登録","F_検収区分","F_担当者","F_更新日付","F_更新時刻","F_照会項目","F_登録日","F_更新日","F_検査ＬＴ","F_予備ＬＴ","F_印刷Ｂ","F_切断余長区分","F_生産担当"
"1243233","株式会社ケーシーシー商会","㈱ケーシーシー商会","様","","","","","","","","651-2241","神戸市西区室谷１丁目－１","","経理課　　　　　　　　　　　　　　　御中","","","078-992-1113","078-992-1137","","1","1243233","2","2","2","1","100009","ｹｰｼｰｼｼｮｳｶｲ","11:04:01","","2002/07/24 00:00:00","2003/01/13 00:00:00","1","0","1","N",""
"1251332","郷商事株式会社","郷商事㈱","御中","Goh Syouji","建産機事業部調達","","","","","","9230811","石川県小松市白江町口50-2","滋賀県犬上郡豊郷町高野瀬217　戸田倉庫70番倉庫","（0749-35-0545）","","","0761-21-2134","0761-21-3025","080-7758-8383","3","1251332","0","2","2","1","300137","ｺﾞｳｼｮｳｼﾞ","10:35:01","","2002/07/24 00:00:00","2015/03/30 00:00:00","2","0","1","N","100149"
"12513321","西武運輸株式会社","西武運輸（株）","様","","","","","","","","555-0032","大阪市西淀川区大和田２－４－４９","","","","","06-6475-3131","06-6999-9999","","2","12513321","","2","2","1","100009","ｺﾞｳｼｮｳｼﾞ","11:04:01","","2002/07/24 00:00:00","2003/01/13 00:00:00","1","0","","N",""
"1251361","株式会社神戸製鋼所大久保建設機械事業部","㈱神戸製鋼所大久保建設機械事業","様","","","","","","","","674-0063","明石市大久保町八木７４０","","","","","078-936-1331","078-","","1","1251361","1","2","2","1","100009","ｺｳﾍﾞｾｲｺｳｼｮ","11:04:01","","2002/07/24 00:00:00","2003/01/13 00:00:00","1","0","1","N",""
"1251362","株式会社神戸製鋼所高砂建設機械事業部","㈱神戸製鋼所高砂建設機械事業部","様","","","","","","","","674-0063","明石市大久保町八木７４０","","","","","078-936-1331","078-","","1","1251361","0","2","2","1","100025","ｺｳﾍﾞｾｲｺｳﾀｶ","15:53:49","","2002/07/24 00:00:00","2009/12/23 00:00:00","2","0","1","N",""
"1251363","株式会社神戸製鋼所部品管理部","㈱神戸製鋼所部品管理部","様","","","","","","","","674-0063","明石市大久保町八木７４０","","","","","078-936-1331","078-","","1","1251361","0","2","2","1","100009","ｺｳﾍﾞｾｲｺｳﾌﾞ","11:04:01","","2002/07/24 00:00:00","2003/01/13 00:00:00","1","0","1","N",""
"1251364","コベルコ・コンプレッサ株式会社","コベルコ・コンプレッサ㈱","御中","Kobelco Compressor","","","","","","","675-0155","加古郡播磨町新島４１","","","","Kobelco","0794-36-2150","0794-36-2138","","7","1251364","0","2","2","1","300137","ｺﾍﾞﾙｺ","12:54:39","","2002/07/24 00:00:00","2021/06/30 00:00:00","3","0","1","N",""
"12513651","コベルコ建機日本株式会社","コベルコ建機日本㈱","様","","","佐藤","","","","","674-0063","明石市大久保町八木740　パーツセントラル２Ｆ","","","材料売り単価×10","Kobelco","078-936-4195","078-936-4197","","3","12513651","2","2","2","2","300137","ｺﾍﾞﾙｺ","14:33:02","","2002/07/24 00:00:00","2019/03/30 00:00:00","1","0","1","N","100110"
"12513652","ｺﾍﾞﾙｺ建機ｴﾝｼﾞﾆｱﾘﾝｸﾞ㈱","コベルコエンジ","御中","Kobelco ENG","","","","","","","731-5161","広島県広島市佐伯区五日市港2丁目1番8号","","","","Kobelco","082-535-5510","082-922-8676","","2","12513652","2","2","2","1","100106","ｺﾍﾞﾙｺｹﾝｷｴﾝ","16:39:33","","2002/07/24 00:00:00","2026/05/14 13:27:54","5","0","1","N","100110"
"1251365I","神鋼コベルコ建機株式会社関東ショベル","神鋼コベルコ建機㈱関東ショベル","様","","","","","","","","272-0002","千葉県市川市二俣新町１７－１","","","","","0473-28-5031","0473-","","2","1251365I","0","2","2","1","100009","ｼﾝｺｳｺﾍﾞﾙｺｹ","11:04:01","","2002/07/24 00:00:00","2003/01/13 00:00:00","1","0","","N",""
"1251365J","神鋼コベルコ建機株式会社東北支店","神鋼コベルコ建機㈱東北支店","様","","","","","","","","989-2421","宮城県岩沼市下野郷字田２１","（矢の目工業団地内）","","","","0223-24-1141","0223-","","2","1251365J","0","2","2","1","100009","ｼﾝｺｳｺﾍﾞﾙｺｹ","11:04:01","","2002/07/24 00:00:00","2003/01/13 00:00:00","1","0","","N",""
"1251370","神戸いすゞ自動車株式会社","神戸いすゞ自動車㈱","様","","","","","","","","673-0029","明石市大道町２－５－９","","","","","087-927-4000","078-927-4056","","1","1251370","0","2","2","1","100009","ｺｳﾍﾞｲｽｽﾞｼﾞ","11:04:01","","2002/07/24 00:00:00","2003/01/13 00:00:00","1","0","","N",""
"1251374","神戸鈑金工業株式会社","神戸鈑金工業㈱","御中","","総務経理室","","","","気付　岩瀬","様","731-5161","広島県広島市佐伯区五日市港2丁目1番4-3号","〒676-0008 　高砂市荒井町新浜2-11-25","","","","079-443-8881","079-443-8886","","1","1251374","1","2","2","2","100106","ｺｳﾍﾞﾊﾞﾝｷﾝｺ","10:55:27","","2002/07/24 00:00:00","2024/10/17 00:00:00","1","0","","N","100110"
"1257141","コマツ　ブルドーザ開発部","コマツ　ブルドーザ開発部","様","Komatsu Bull ENG","","","","","","","573-1011","大阪府枚方市上野３－１－１","コマツ大阪工場","","","Komatsu","072-840-6301","072-848-5605","","2","1257141","3","2","2","1","190047","ｺﾏﾂ ﾌﾞﾙ","10:27:25","","2002/07/24 00:00:00","2005/09/30 00:00:00","1","0","1","N",""
"1257143","コマツ大阪工場","コマツ大阪工場","様","Komatsu Ltd Osaka Plant","","","様","","","","573-1011","大阪府枚方市上野３－１－１","","経理課　　　　　　　　　　　　　　　御中","","Komatsu","0720-40-6066","0720-40-5328","","1","1257143","2","1","2","1","100046","ｺﾏﾂｵｵｻｶｺｳｼ","10:35:34","","2002/07/24 00:00:00","2015/11/26 00:00:00","4","0","1","N","100149"
"12571431","コマツ大阪工場（内示）","コマツ大阪(内示)","様","","","","","","","","573-1011","大阪府枚方市上野３－１－１","コマツ大阪工場","谷口センター長様御中","","Komatsu","0720-40-6066","0720-40-5328","","4","12571431","3","1","2","1","300137","ｺﾏﾂｵｵｻｶｺｳｼ","14:15:15","","2002/07/24 00:00:00","2016/09/15 00:00:00","1","0","1","N","100149"
"1257143A","甲斐田倉庫","甲斐田倉庫","様","","","","","","","","573-1011","大阪府枚方市上野３－１－１","コマツ大阪工場","","","","0720-","0720","","2","1257143","","1","2","1","100009","ｶｲﾀﾞｿｳｺ","11:04:01","","2002/07/24 00:00:00","2003/01/13 00:00:00","1","0","1","N",""
"1257143B","バルクセンター","バルクセンター","様","","","","","","","","573-1011","大阪府枚方市上野３－１－１","コマツ大阪工場","","","","0720-","0720-","","3","1257143","2","1","2","1","100046","ﾊﾞﾙｸS","11:30:09","","2002/07/24 00:00:00","2019/07/08 00:00:00","5","0","1","N",""
"12513653","コベルコ建機西日本株式会社関西支社明石","コベルコ建機西日本㈱関西支社","様","","","","","","","","651-2404","神戸市西区岩岡町古郷１５０６－１０","","","","","078-967-6238","078-967-6235","","2","12513653","0","2","2","1","100009","ｺﾍﾞﾙｺｹﾝｷﾆｼ","11:04:01","","2002/07/24 00:00:00","2003/01/13 00:00:00","1","0","1","N",""
"12513654","コベルコ建機㈱明石教習センタ－","コベルコ建機㈱明石教習センタ－","様","","","","","","","","674-0063","明石市大久保町八木７４０","","","","","078-935-3831","078-","","1","12513654","0","2","2","1","100009","ｺﾍﾞﾙｺｹﾝｷｷｮ","11:04:01","","2002/07/24 00:00:00","2003/01/13 00:00:00","1","0","","N",""
"1251365A","神鋼コベルコ建機株式会社　サービス部","神鋼コベルコ建機㈱　サービス部","様","","","","","","","","135-0016","東京都江東区東陽２－３－２コベルコビル","","","","","03-5634-4119","03-5634-4129","","2","1251365A","0","2","2","1","100009","ｼﾝｺｳｺﾍﾞﾙｺｹ","11:04:01","","2002/07/24 00:00:00","2003/01/13 00:00:00","1","0","","N",""
"1251365B","株式会社神戸製鋼所　建機・汎用海外部","㈱神戸製鋼所　建機・汎用海外部","様","","","","","","","","150-0001","東京都渋谷区神宮前６－２７－８","京セラ原宿ビル４Ｆ","","","","03-3797-7032","03-","","2","1251365B","0","2","2","1","100009","ｺｳﾍﾞｾｲｺｳｹﾝ","11:04:01","","2002/07/24 00:00:00","2003/01/13 00:00:00","1","0","1","N",""
"1251365D","神鋼コベルコ建機株式会社北関東支店","神鋼コベルコ建機㈱北関東支店","様","","","","","","","","370-0031","群馬県高崎市上大類町１０１０－１","","","","","0273-52-1170","0278-52-4667","","3","1251365D","0","2","2","1","100009","ｼﾝｺｳｺﾍﾞﾙﾄｹ","11:04:01","","2002/07/24 00:00:00","2003/01/13 00:00:00","1","0","","N",""
"1251365E","神鋼コベルコ建機株式会社近畿支店","神鋼コベルコ建機㈱近畿支店","様","","","","","","","","660-0086","尼崎市丸島町４６番地－１","","","","","06-6414-2100","06-","","2","1251365E","0","2","2","1","100009","ｼﾝｺｳｺﾍﾞﾙﾄｹ","11:04:01","","2002/07/24 00:00:00","2003/01/13 00:00:00","1","0","","N",""
"1251365F","神鋼コベルコ建機株式会社北陸支店","神鋼コベルコ建機㈱北陸支店","様","","","","","","","","924-0004","石川県松任市旭丘２丁目２１番","","","","","0762-76-2331","0762-76-1893","","3","1251365F","0","2","2","1","100009","ｼﾝｺｳｺﾍﾞﾙｺｹ","11:04:01","","2002/07/24 00:00:00","2003/01/13 00:00:00","1","0","","N",""
"1251365G","神鋼コベルコ建機株式会社中国支店","神鋼コベルコ建機㈱中国支店","様","","","","","","","","739-0024","広島県東広島市西条町大字","御薗字字湯之元６４００－１","","","","0824-23-2711","0824-22-7683","","3","1251365G","0","2","2","1","100009","ｼﾝｺｳｺﾍﾞﾙｺｹ","11:04:01","","2002/07/24 00:00:00","2003/01/13 00:00:00","1","0","","N",""
"1251365H","神鋼コベルコ建機株式会社北海道支店","神鋼コベルコ建機㈱北海道支店","様","","","","","","","","003-0026","北海道札幌市白石区本通り２１丁目南","１番６７号","","","","011-864-2121","011-964-2124","","3","1251365H","0","2","2","1","100009","ｼﾝｺｳｺﾍﾞﾙｺｹ","11:04:01","","2002/07/24 00:00:00","2003/01/13 00:00:00","1","0","","N",""
"1110131","株式会社　岩崎商店","㈱岩崎商店","様","","","","","","","","557-0031","大阪市西成区鶴見橋1-8-16","岩崎様携帯　090-2044-6430","","","Iwasaki","06-6632-2743","06-6632-2746","","1","1110131","1","2","2","1","100071","ｲﾜｻｷｼｮｳﾃﾝ","11:52:20","","2002/07/24 00:00:00","2018/01/30 00:00:00","1","0","1","N","100023"
"1113325","AZ CORPORATION","アズ　コ－ポレ－ション","様","","","","","","","","999-9999","1-202 Munchon Dongbu-Sun Plaza,","17 Juyob-Dong ILsan-Ku Koyang-Shi","Kyonggi-Do,411-372 Korea","","","82-30-921-0740","82-31-921-0743","","1","1113325","1","2","2","1","100009","ｱｽﾞ ｺ-ﾎﾟﾚ-","11:04:01","","2002/07/24 00:00:00","2003/01/13 00:00:00","1","0","","N",""
"1115131","株式会社稲坂歯車製作所","㈱稲坂歯車製作所","御中","Inasaka Gia","","加藤さん","","","","","679-0222","兵庫県加東市高岡681番地","","","","","0790-49-1898","0795-48-4390","","1","1115131","0","2","2","1","100025","ｲﾅｻｶﾊｸﾞﾙﾏｾ","16:13:41","","2002/07/24 00:00:00","2013/01/24 00:00:00","1","0","1","N",""
"11151311","","ヤシマ産業","様","","","すがた","","","","","675-2101","兵庫県加西市繁昌町乙３３１","","御中","","","0790-49-1898","0790-49-1089","","2","11151311","3","2","2","1","100028","ﾔｼﾏｻﾝｷﾞｮｳ","16:12:39","","2002/07/24 00:00:00","2006/10/17 00:00:00","1","0","","N",""
"11151312","ヤシマ産業　袋井工場","ヤシマ産業　袋井工場","様","","","荻野","","","","","675-2101","静岡県袋井市山科2950番地","","御中","","","0538-43-8777","0568-43-8833","","2","11151312","3","2","2","1","100025","ﾔｼﾏｻﾝｷﾞｮｳ","14:53:02","","2002/07/24 00:00:00","2006/03/27 00:00:00","1","0","","N",""
"1131493","株式会社　ウェルテクノ","㈱ウェルテクノ","様","","","","","","","","930-0809","富山県富山市興人町２－６２","","御中","","","076-441-1419","076-441-1447","","2","1131493","2","2","2","1","100046","ｳｴﾙﾃｸﾉ","11:02:26","","2002/07/24 00:00:00","2007/06/20 00:00:00","1","0","1","N",""
"1134373","株式会社内村","㈱内村","御中","Uchimura","","","","","","","550-0012","大阪市西区立売堀3丁目6-10","","","","Uchimura","06-6532-4126","06-6532-4120","","2","1134373","2","2","2","1","100126","ｳﾁﾑﾗ","14:32:12","","2002/07/24 00:00:00","2020/03/26 00:00:00","3","0","1","N","100149"
"1141201","英和株式会社","英和㈱","様","","","","","","","","550-0014","大阪市西区北堀江４丁目１番７号","","","","","06-6539-4804","06-6539-4835","","1","1141201","1","2","2","1","100009","ｴｲﾜ(ｶﾌﾞ)","09:13:56","","2002/07/24 00:00:00","2006/02/28 00:00:00","1","0","","N",""
"1151551","エレマテック株式会社　大阪支店","エレマテック㈱","様","","大阪支店　営業部","森","様","","","","564-0062","大阪府吹田市垂水町3-22-28","東京都港区三田三丁目5番27号住友不動産三田ツインビル西館19","経理部　　　　　　　　　　　　　　御中","","","06-6385-4581","06-6386-7699","","2","1151551","0","2","2","1","100062","ｴﾚﾏﾃｯｸ","10:41:12","","2002/07/24 00:00:00","2019/03/22 00:00:00","1","0","","N",""
"11702212","ｴ-ﾓﾝ工業株式会社","ｴ-ﾓﾝ工業(株)","様","","","","","","","","679-2289","兵庫県神崎郡福崎町南田原2077-1","","","","","0790-(22)-6265","0790-(22)-7741","","1","11702212","0","2","2","1","100009","ｴ-ﾓﾝｺｳｷﾞｮｳ","11:04:01","","2002/07/24 00:00:00","2003/01/13 00:00:00","1","0","","N",""
"1220331","銀山工業株式会社","銀山工業㈱","様","","","","","","","","731-0113","広島市安佐南区西原８丁目１番９号","","","","","082-874-2651","082-874-2671","","2","1220331","0","2","2","1","100009","ｷﾞﾝｻﾞﾝｺｳｷﾞ","11:04:01","","2002/07/24 00:00:00","2003/01/13 00:00:00","1","0","","N",""
"1227381","株式会社キムラ","㈱キムラ","様","","","","","","","","658-0044","神戸市東灘区御影塚町３丁目６番１０号","","","","","078-842-0158","078-842-0404","","2","1227381","0","2","2","1","100009","ｷﾑﾗ","11:04:01","","2002/07/24 00:00:00","2003/01/13 00:00:00","1","0","","N",""
"1228523","極東開発工業株式会社","極東開発工業㈱","様","","","","","","","","673-0443","三木市別所町巴２番地","","御中","","","0794-82-1121","0794-83-4628","","2","1228523","0","2","2","1","100009","ｷｮｸﾄｳｶｲﾊﾂｺ","11:04:01","","2002/07/24 00:00:00","2003/01/13 00:00:00","1","0","","N",""
"1233264","株式会社クシベウィンテック","株式会社クシベウィンテック","様","","","山本","様","","","","792-0003","愛媛県新居浜市新田町2丁目9番22号","","","","Komatsu","0812","0812","","99","1233264","2","2","2","1","100009","ｸｼﾍﾞｳｨﾝﾃｯｸ","10:07:38","","2002/07/24 00:00:00","2004/06/15 00:00:00","1","0","1","N","100149"
"1233264K","㈱クシベウィンテック京都工場","㈱クシベウィンテック京都工場","御中","Kushibe Win Teck","","","","","山本","様","614-8155","京都府八幡市上奈良城垣内1-2","","","","Komatsu","075-981-9161","075-981-9171","","1","1233264K","1","2","2","1","300137","ｸｼﾍﾞﾉｼﾞﾘ","14:29:14","","2002/07/24 00:00:00","2022/03/22 00:00:00","3","0","1","N","100149"
"1233264T","株式会社クシベウィンテック高瀬工場","㈱クシベウィンテック高瀬工場","御中","","","","","","","","767-0001","香川県三豊郡高瀬町大字上高瀬1574-1","","","","","0875-73-5111","0875-72-2184","","3","1233264T","3","2","2","1","100015","ｸｼﾍﾞﾀｶｾ","14:11:13","","2002/07/24 00:00:00","2004/10/29 00:00:00","1","0","1","N",""
"1239113","クラウン商事株式会社","クラウン商事㈱","様","","","","","","","","675-0103","加古川市平岡町高畑５２０－１７","","御中","","","0794-21-1300","0894-27-1300","","1","1239113","1","2","2","1","100009","ｸﾗｳﾝｼｮｳｼﾞ","11:04:01","","2002/07/24 00:00:00","2003/01/13 00:00:00","1","0","","N",""
"12391131","クラウン商事株式会社電装事業部","クラウン商事㈱電装事業部","様","","","","","","","","675-0122","加古川市別府町別府８３１－１","","","","","0794-37-1123","0794-37-4657","","2","12391131","","2","2","1","100009","ｸﾗｳﾝｼｮｳｼﾞﾃ","11:04:01","","2002/07/24 00:00:00","2003/01/13 00:00:00","1","0","","N",""
"125714E","コマツ大阪工場","コマツエンジニアリング㈱","様","","","","","","","","573-1011","大阪府枚方市上野３－１－１","コマツ工場","","","","072-849-1536","072-849-6413","","1","125714E","","2","2","1","100009","ｺﾏﾂｴﾝｼﾞﾆｱﾘ","11:04:01","","2002/07/24 00:00:00","2003/01/13 00:00:00","1","0","","N","100149"
"1257150","コマツ栃木","コマツ栃木","御中","Komatsu Ltd Tochigi Plant","","野口","","","","","323-8567","栃木県小山市横倉新田110","","","","Komatsu","0285-28-8769","03-","","4","1257150","0","1","2","1","300137","ｺﾏﾂﾕｰﾃｨﾘﾃｨ","13:28:58","","2002/07/24 00:00:00","2012/12/05 00:00:00","3","0","1","N","100149"
"12571501","コマツユーティリティ株式会社　栃木工場","コマツユーティリティ㈱　栃木工場","御中","","","山口","様","","","","323-8567","栃木県小山市大字横倉新田１１０","","","","","0285-28-8647","0285-28-8541","","3","1257150","3","1","2","1","100025","ﾕｰﾃｨﾘﾃﾄﾁｷﾞ","15:53:04","","2002/07/24 00:00:00","2007/04/03 00:00:00","1","0","1","N",""
"1258143","コマツエンジニアリング株式会社","コマツエンジニアリング㈱","様","","","","","","","","573-1011","枚方市上野3-1-1","","","","","072-849-1536","072-849","","2","1258143","","2","2","1","100009","ｺﾏﾂｴﾝｼﾞ","11:04:01","","2002/07/24 00:00:00","2003/01/13 00:00:00","1","0","","N",""
"1320323","新光電機株式会社","新光電機㈱","様","","","","","","","","651-0088","神戸市中央区小野柄通６－１－１８","","","","","078-231-4741","078-291-0134","","2","1320323","0","2","2","1","100009","ｼﾝｺｳﾃﾞﾝｷ","11:04:01","","2002/07/24 00:00:00","2003/01/13 00:00:00","1","0","","N",""
"1321444","株式会社ジェットスキープラザ明石","㈱ジェットスキープラザ明石","様","","","","","","","","674-0054","明石市大久保町西脇字相田３５０－１","","","","","078-936-8838","078-936-8981","","1","1321444","0","2","2","1","100009","ｼﾞｪｯﾄｽｷｰﾌﾟ","11:04:01","","2002/07/24 00:00:00","2003/01/13 00:00:00","1","0","","N",""
"1328595","光昭株式会社","光昭㈱","御中","","","","","","","","530-0054","大阪市北区南森町２－２－２３","","","","","06-6363-1071","06-6363-5048","","1","1328595","2","2","2","1","300137","ｺｳｼｮｳﾃﾞﾝｷ","11:47:40","","2002/07/24 00:00:00","2019/12/04 00:00:00","1","0","1","N",""
"1329925","ｺﾍﾞﾙｺ建機㈱　開発生産本部　大垣事業所","ｺﾍﾞﾙｺ建機㈱　大垣事業所","御中","Kobelco Ogaki","調達部","豊島・吉田","","","","","503-08505","岐阜県大垣市本今町１６８２－２","","","","Kobelco","0584-89-0902","0584-87-0014","","2","1329925","2","2","2","1","100025","ｺﾍﾞﾙｺｹﾝｷｵｵ","17:16:53","","2002/07/24 00:00:00","2026/05/14 13:27:54","3","0","1","N","100110"
"1349940","セイレイ工業株式会社","セイレイ工業㈱","様","","","","","","","","702-8515","岡山市江並428番地","","","","","086-276-8111","086-276-9850","","1","1349940","1","2","2","1","100009","ｾｲﾚｲｺｳｷﾞｮｳ","11:04:01","","2002/07/24 00:00:00","2003/01/13 00:00:00","1","0","","N",""
"1257143N","特工中宮","特工中宮","様","","","","","","","","573-1011","大阪府枚方市上野３－１－１","コマツ大阪工場","","","","0720-","0720-","","2","1257143","","1","2","1","100009","ﾄｯｺｳﾅｶﾐﾔ","11:04:01","","2002/07/24 00:00:00","2003/01/13 00:00:00","1","0","","N",""
"1257143P","ＰＳセンター","ＰＳセンター","様","","","","","","","","573-1011","大阪府枚方市上野３－１－１","コマツ大阪工場","","","","0720-","0720-","","3","1257143","2","1","2","1","100046","ﾊﾟﾜｰｼｮﾍﾞﾙｾ","11:37:51","","2002/07/24 00:00:00","2019/07/02 00:00:00","6","0","","N",""
"1257143Q","ＰＳ－ＬＤ　ライン","ＰＳ－ＬＤ　ライン","様","","","","","","","","573-1011","大阪府枚方市上野３－１－１","コマツ大阪工場","","","","0720-40-6971","0720-40-5328","","2","1257143","","1","2","1","100009","PS-LDﾗｲﾝ","11:04:01","","2002/07/24 00:00:00","2003/01/13 00:00:00","1","0","","N",""
"1257143R","履帯センター","履帯センター","様","","","","","","","","573-1011","大阪府枚方市上野３－１－１","コマツ大阪工場","","","","0720-","0720-","","2","1257143","","1","2","1","100009","ﾘﾀｲS","11:04:01","","2002/07/24 00:00:00","2003/01/13 00:00:00","1","0","","N",""
"1257143S","新部品センター","新部品センター","様","","","","","","","","573-1011","大阪府枚方市上野３－１－１","コマツ大阪工場","","","","0720-","0720-","","1","1257143","3","1","2","1","190047","ｼﾝﾌﾞﾋﾝｾﾝﾀｰ","11:04:53","","2002/07/24 00:00:00","2005/03/28 00:00:00","1","0","","N",""
"1257143T","鋳造部","鋳造部","様","","","","","","","","573-1011","大阪府枚方市上野３－１－１","コマツ大阪工場","","","","0720-","0720-","","2","1257143","","1","2","1","100009","ﾁｭｳｿﾞｳﾌﾞ","11:04:01","","2002/07/24 00:00:00","2003/01/13 00:00:00","1","0","","N",""
"1257143U","第一機械","第一機械","様","","","","","","","","573-1011","大阪府枚方市上野３－１－１","コマツ大阪工場","","","","0720-","0720-","","2","1257143","","1","2","1","100009","ﾀﾞｲｲﾁｷｶｲ","11:04:01","","2002/07/24 00:00:00","2003/01/13 00:00:00","1","0","","N",""
"1257143V","地下機械","地下機械","様","","","","","","","","573-1011","大阪府枚方市上野３－１－１","コマツ大阪工場","","","","0720-","0720-","","2","1257143","","1","2","1","100009","ﾁｶｷｶｲ","11:04:01","","2002/07/24 00:00:00","2003/01/13 00:00:00","1","0","","N",""
"1257143W","試作工作","試作工作","様","","","","","","","","573-1011","大阪府枚方市上野３－１－１","コマツ大阪工場","","","","0720-","0720-","","2","1257143","","1","2","1","100009","ｼｻｸｺｳｻｸ","11:04:01","","2002/07/24 00:00:00","2003/01/13 00:00:00","1","0","","N",""
"1257143X","小松物流中宮","小松物流中宮","様","","","","","","","","573-1011","大阪府枚方市上野３－１－１","コマツ大阪工場","","","","0720-","0720-","","3","1257143","2","1","2","1","100046","ﾌﾞﾂﾘｭｳﾅｶﾐﾔ","11:35:59","","2002/07/24 00:00:00","2019/07/02 00:00:00","6","0","","N",""
"1257143Y","ＰＣ１６００置組場","ＰＣ１６００置組場","様","","","","","","","","573-1011","大阪府枚方市上野３－１－１","コマツ大阪工場","","","","0720-","0720-","","2","1257143","","1","2","1","100009","PC1600","11:04:01","","2002/07/24 00:00:00","2003/01/13 00:00:00","1","0","","N",""
"1257143Z","小松物流甲斐","小松物流甲斐","様","","","","","","","","573-1011","大阪府枚方市上野３－１－１","コマツ大阪工場","","","","0720-","0720-","","2","1257143","","1","2","1","100009","ﾌﾞﾂﾘｭｳｶｲ","11:04:01","","2002/07/24 00:00:00","2003/01/13 00:00:00","1","0","","N",""
"1257143l","ＰＳ－ＬＤ","ＰＳ－ＬＤ","様","","","","","","","","888","大阪府","枚方市","","","","0728","0728","","3","1257143","","1","2","1","100009","PS-LD","11:04:01","","2002/07/24 00:00:00","2003/01/13 00:00:00","1","0","1","N",""
"1257143m","９ＢＥＮ部品荷卸場","９ＢＥＮ部品荷卸場","様","","","","","","","","573-1011","大阪府枚方市上野３－１－１","","","","","0720-40-6066","0720-40-6066","","4","1257143","","1","1","1","100009","9BEN","11:04:01","","2002/07/24 00:00:00","2003/01/13 00:00:00","1","0","","N",""
"12571441","コマツ福岡西支店","コマツ福岡西支店","様","","","","","","","","819-1305","福島県糸島郡志摩町大字馬場字大浦386-1","","","","","092-327-2801","092-840-6340","","2","12571441","","2","2","1","100009","ｺﾏﾂﾌｸｵｶｼﾃﾝ","11:04:01","","2002/07/24 00:00:00","2003/01/13 00:00:00","1","0","","N",""
"1257146","コマツパ－ツエンジニアリング株式会社","コマツパ－ツ","様","","","","","","","","923-0392","石川県小松市符津町ツ23番地","","","","","0761-43-4797","0761-","","1","1257146","2","2","2","1","100009","ｺﾏﾂﾊﾟ-ﾂｴﾝｼ","11:04:01","","2002/07/24 00:00:00","2003/01/13 00:00:00","1","0","","N",""
"1257147","コマツ粟津工場","コマツ粟津工場","様","komatsu Ltd Awazu Plant","","","","","","","923-0392","石川県小松市符津町ツ23","購買部","経理課　　　　　　　　　　　　　　　御中","","Komatsu","0761-43-4720","0761-43-1149","","2","1257147","2","1","2","1","100046","ｺﾏﾂｱﾜﾂﾞ","17:23:03","","2002/07/24 00:00:00","2018/04/27 00:00:00","2","0","","N","100149"
"1257148","コマツ物流株式会社　中部事業部調達物流課　商事グル－プ","コマツ物流㈱　中部事業部","御中","KOMATSU LOGISTICS","","","","","","","923-0392","石川県小松市符津町ツ23","","","","Komatsu","0761-43-4794","0761-43-3246","","3","1257148","1","2","1","1","100046","ｺﾏﾂﾌﾞﾂﾘｭｳﾁ","11:40:41","","2002/07/24 00:00:00","2019/07/02 00:00:00","9","0","1","N","100149"
"13556677","酒井重工業株式会社　東京工場","酒井重工業（株）東京工場","様","SAKAI HEAVY INDUSTRIES-Tokyo Plant","","佐藤","様","","","","350-1156","埼玉県川越市中福849","東京都港区芝大門1-4-8浜松町清和ビル","山本　049-266-0002","","SAKAI","0492-66-2104","0492-66-2960","","5","13556677","2","2","2","1","100011","ｻｶｲ ｼﾞｭｳｺｳ","13:54:03","","2002/07/24 00:00:00","2012/02/29 00:00:00","4","0","1","N","100115"
"13556678","酒井重工業株式会社　真岡工場","酒井重工業（株）真岡工場","様","","","","","","","","321-4367","栃木県真岡市鬼怒ヶ丘２－１","","","","","0285-82-1125","0285-82-1129","","1","13556678","","2","2","1","100009","ｻｶｲｼﾞｭｳｺｳｷ","11:04:01","","2002/07/24 00:00:00","2003/01/13 00:00:00","1","0","1","N",""
"1411121","大喜工業株式会社","大喜工業㈱","御中","DAIKI Industry Co.,Ltd","","岡部","様","","","","596-0013","大阪府岸和田市臨海町２０－６１","","","","Komatsu","0724-38-0181","0724-39-8273","","2","1411121","2","2","2","1","100046","ﾀﾞｲｷｺｳｷﾞｮｳ","14:06:23","","2002/07/24 00:00:00","2016/07/25 00:00:00","5","0","1","N","100149"
"1411222","大京　株式会社","大京㈱","様","DAIKYO INCORPORATED","","吉田","様","","","","923-8581","石川県小松市串町工業団地1-1","","","","Komatsu","0761-44-1111","0761-44-8888","","2","1411222","2","2","2","1","100046","ﾀﾞｲｷｮｳ","13:56:13","","2002/07/24 00:00:00","2016/07/25 00:00:00","3","0","1","N","100149"
"1417391","田村車輛株式会社","田村車輛㈱","様","","","","","","","","924","石川県松任市横江町1558","（石川県鉄工団地内）","","","","0762-76-1270","076-276-0706","","1","1417391","1","2","2","1","100009","ﾀﾑﾗｼｬﾘｮｳ","11:04:01","","2002/07/24 00:00:00","2003/01/13 00:00:00","1","0","","N",""
"1428313","中央精工株式会社","中央精工㈱","様","","","","","","","","531-0071","大阪市北区中津４丁目８番１３号","","","","","06-6371-2266","06-6371-7322","","1","1428313","2","2","2","1","100009","ﾁｭｳｵｳｾｲｺｳ","11:04:01","","2002/07/24 00:00:00","2003/01/13 00:00:00","1","0","","N",""
"2999999","大栄電機株式会社","大栄電機㈱","御中","","","","","","","","6512271","兵庫県神戸市西区高塚台3丁目2-53","","","","","078-991-3621","078-991-3620","","1","2999999","3","2","1","1","300137","ﾀﾞｲｴｲﾃﾞﾝｷ","10:27:31","","2014/11/18 00:00:00","2022/05/17 00:00:00","1","0","","N",""
"1441211","株式会社テイアンドシイ","㈱テイアンドシイ","御中","T&C","","","","","","","530-0044","大阪市北区東天満２丁目２番３号","ダイアパレス南森町４０３号","","","Komatsu","06-6356-5135","06-6356-5136","","2","1441211","1","2","2","1","100025","ﾃｲｱﾝﾄﾞｼｲ","14:29:41","","2002/07/24 00:00:00","2008/07/04 00:00:00","4","0","1","N",""
"14412111","株式会社サンセイテクノス","㈱サンセイテクノス","御中","Sansei Tecknos","","","","","","","587-0022","大阪府堺市美原区平尾2358-1","","経理課　　　　　　　　　　　　　　御中","","","072-369-5111","06-6398-3320","","3","14412111","1","2","2","1","300137","ｻﾝｾｲﾃｸﾉｽ","10:17:02","","2002/07/24 00:00:00","2009/09/24 00:00:00","2","0","1","N",""
"1257143C","鋳鍛センター","鋳鍛センター","様","","","","","","","","573-1011","大阪府枚方市上野３－１－１","コマツ大阪工場","","","","0720-","0720-","","2","1257143","","1","2","1","100009","ﾁｭｳﾀﾝｾﾝﾀｰ","11:04:01","","2002/07/24 00:00:00","2003/01/13 00:00:00","1","0","","N",""
"1257143D","第一部品センター","第一部品センター","様","","","","","","","","573-1011","大阪府枚方市上野３－１－１","コマツ大阪工場","","","","0720-","0720-","","1","1257143","3","1","2","1","190047","ﾀﾞｲｲﾁﾌﾞﾋﾝｾ","11:06:14","","2002/07/24 00:00:00","2005/03/28 00:00:00","1","0","","N",""
"1257143E","中宮特工","中宮特工","様","","","","","","","","573-1011","大阪府枚方市上野３－１－１","コマツ大阪工場","","","","0720-","0720-","","2","1257143","","1","2","1","100009","ﾅｶﾐﾔﾄｯｺｳ","11:04:01","","2002/07/24 00:00:00","2003/01/13 00:00:00","1","0","","N",""
"1257143F","小松物流キット場","小松物流キット場","様","","","","","","","","573-1011","大阪府枚方市上野３－１－１","コマツ大阪工場","","","","0720-","0720-","","2","1257143","","1","2","1","100009","ｺﾏﾂﾌﾞﾂﾘｭｳｷ","11:04:01","","2002/07/24 00:00:00","2003/01/13 00:00:00","1","0","","N",""
"1257143H","補給部品センター","補給部品センター","様","","","","","","","","573-1011","大阪府枚方市上野３－１－１","コマツ大阪工場","","","","0720-","0720-","","2","1257143","","1","2","1","100009","ﾎｷｭｳﾌﾞﾋﾝｾﾝ","11:04:01","","2002/07/24 00:00:00","2003/01/13 00:00:00","1","0","","N","100149"
"1257143J","特工甲斐","特工甲斐","様","","","","","","","","573-1011","大阪府枚方市上野３－１－１","コマツ大阪工場","","","","0720-","0720-","","2","1257143","","1","2","1","100009","ﾄｯｺｳｶｲ","11:04:01","","2002/07/24 00:00:00","2003/01/13 00:00:00","1","0","","N",""
"1257143K","コマツ大阪工場　購買本部","コマツ大阪工場　購買本部","様","","","鈴木","様","","","","573-1011","大阪府枚方市上野３－１－１","","","","Komatsu","072-840-6975","072-840-5328","","1","1257143K","3","2","1","2","190047","ｺﾏﾂｵｵｻｶ","16:09:47","","2002/07/24 00:00:00","2006/02/16 00:00:00","1","0","","N","100149"
"1257143L","ＰＳ　ライン","ＰＳ　ライン","様","","","","","","","","573-1011","大阪府枚方市上野３－１－１","コマツ大阪工場","","","","0720-40-6971","0720-40-5328","","3","1257143","2","1","2","1","100046","PS-Lﾗｲﾝ","09:47:33","","2002/07/24 00:00:00","2021/03/24 00:00:00","7","0","","N",""
"1257143M","9BEN部品荷卸場","9BEN部品荷卸場","様","","","","","","","","573-1011","大阪府枚方市上野３－１－１","コマツ大阪工場","","","","0720-","0720-","","2","1257143","","1","2","1","100009","ﾌﾞﾂﾘｭｳｼｭｯｶ","11:04:01","","2002/07/24 00:00:00","2003/01/13 00:00:00","1","0","","N",""
"15158345","㈱大淀ﾃﾞｨｰｾﾞﾙ","株式会社大淀ディーゼル","様","","","","","","","","531-0076","大阪市北区大淀中3丁目8番2号","","","","","06-6453-2291","06-6451-6561","","1","15158345","0","2","2","1","100009","ｵｵﾖﾄﾞﾃﾞｨｰｾ","11:04:01","","2002/07/24 00:00:00","2003/01/13 00:00:00","1","0","","N",""
"1526600","日本輸送機株式会社","ニチユ","様","","","","","","","","617-8585","京都府長岡京市東神足２丁目１番１号","","","","","075-956-8628","075-953-4825","","1","1526600","2","2","2","1","100009","ﾆﾎﾝﾕｿｳｷ(ｶﾌ","11:04:01","","2002/07/24 00:00:00","2003/01/13 00:00:00","1","0","0","N",""
"1619032","阪神機器株式会社","阪神機器㈱","様","","","","","","","","651-2271","神戸市西区高塚台１－５－８","","","","","078-992-2391","078-992-2395","","1","1619032","2","2","2","1","100009","ﾊﾝｼﾝｷｷ","11:04:01","","2002/07/24 00:00:00","2003/01/13 00:00:00","1","0","","N",""
"1619935","株式会社　汎建製作所","㈱汎建製作所","御中","HANKEN WORKS","","","","","","","636-0204","奈良県磯城郡川西町唐院712-3","","","","Komatsu","0745-44-2361","0745-44-2247","","2","1619935","2","2","2","1","100046","ﾊﾝｹﾝｾｲｻｸｼｮ","16:22:11","","2002/07/24 00:00:00","2016/10/13 00:00:00","1","0","1","N","100149"
"1624100","株式会社日立建機ティエラ","㈱日立建機ティエラ","様","Hitachi Construction Machinery Tierra Co., Ltd","","","","","","","528-0061","滋賀県甲賀市水口町笹ヶ丘1-2","","","","Hitachi","0748-62-6433","0748-62-9072","","2","1624100","2","2","2","1","100011","ﾋﾀﾁｹﾝｷﾃｨｴﾗ","14:06:01","","2002/07/24 00:00:00","2012/02/29 00:00:00","1","1","1","S","100115"
"1628525","兵庫貿易商事株式会社","兵庫貿易商事㈱","様","","","","","","","","650-0015","神戸市中央区多聞通４丁目１番３号","ナカヤマビル４階","解散　ﾛｲﾔﾙｺﾝﾄﾛ-ﾙｽﾞへ継承","","","078-341-3581","078-371-1585","","1","1628525","0","2","2","1","100009","ﾋｮｳｺﾞﾎﾞｳｴｷ","11:04:01","","2002/07/24 00:00:00","2003/01/13 00:00:00","1","0","","N",""
"16285251","兵庫貿易商事株式会社　高砂営業所","兵庫貿易商事㈱　高砂営業所","様","","","","","","","","676-0004","高砂市荒井町千鳥２－６－２０","（フォワードビル）","","","","0794-42-3557","0794-43-6387","","2","16285251","","2","2","1","100009","ﾋｮｳｺﾞﾎﾞｳｴｷ","11:04:01","","2002/07/24 00:00:00","2003/01/13 00:00:00","1","0","","N",""
"1632332","福伸電機㈱福崎工場","福伸電機㈱福崎工場","様","","","","","","","","679-2205","神崎群福崎町西治８３３－１","","","","","000-","000-","","2","1632332","0","2","2","1","100009","ﾌｸｼﾝﾃﾞﾝｷ ﾌ","11:04:01","","2002/07/24 00:00:00","2003/01/13 00:00:00","1","0","","N",""
"1633213","藤浦産業株式会社","藤浦産業㈱","様","","","","","","","","570-0002","守口市佐太中町３丁目２番２８号","","","","","06-6903-2331","06-6905-6767","","1","1633213","0","2","2","1","100009","ﾌｼﾞｳﾗｻﾝｷﾞｮ","11:04:01","","2002/07/24 00:00:00","2003/01/13 00:00:00","1","0","1","N",""
"1722352","株式会社ミクニ","㈱ミクニ","様","","","","","","","","101-0021","東京都千代田区外神田６丁目１３－１１","ミクニビル８Ｆ","担当者　様　　　御中","","","03-3833-9545","03-3833-9540","","1","1722352","2","2","2","1","100009","ﾐｸﾆ","11:04:01","","2002/07/24 00:00:00","2003/01/13 00:00:00","1","0","","N",""
"1724363","三菱半導体北伊丹資材センター","三菱半導体北伊丹資材センター","様","","","","","","","","664-0832","伊丹市下河原畑ヶ屋１４１－１　ふじビル","","","","","0727-84-7850","0727-84-7852","","1","1724363","0","2","2","1","100009","ﾐﾂﾋﾞｼﾊﾝｼﾞﾄ","11:04:01","","2002/07/24 00:00:00","2003/01/13 00:00:00","1","0","","N",""
"17243631","三菱電機株式会社福岡製作所","三菱電機㈱福岡製作所","様","","","","","","","","819-0161","福岡市西区今宿東１丁目１番１号","","","","","092-806-0431","092-","","2","1724363","1","2","2","1","100009","ﾐﾂﾋﾞｼﾃﾞﾝｷﾌ","11:04:01","","2002/07/24 00:00:00","2003/01/13 00:00:00","1","0","","N",""
"17243632","加古電機株式会社　和田山工場","加古電機（株）和田山工場","様","","","","","","","","669-5265","兵庫県朝来郡和田山町筒江字中山１６５","","","","","0796-74-0068","0796-74-0120","","2","17243632","","2","2","1","100009","ﾐﾂﾋﾞｼﾃﾞﾝｷﾌ","11:04:01","","2002/07/24 00:00:00","2003/01/13 00:00:00","1","0","","N",""
"1724365","三菱電機株式会社　姫路製作所","三菱電機㈱　姫路製作所","様","","","","","","","","670-0993","姫路市千代田町８４０番地","","","","","0792-93-1251","0792-98-8870","","2","1724365","0","2","2","1","100009","ﾐﾂﾋﾞｼﾃﾞﾝｷﾋ","11:04:01","","2002/07/24 00:00:00","2003/01/13 00:00:00","1","0","","N",""
"1724523","株式会社 ミトクハーネス","㈱ミトクハーネス","御中","","","","","","","","683-0362","鳥取県西伯郡南部町原251-25","","F 0254-50-7388 T0254-50-7380","","","0859-39-6211","0859-39-6622","","1","1724523","0","2","2","1","300137","ﾐﾄｸﾊ-ﾈｽ","11:27:55","","2002/07/24 00:00:00","2012/06/28 00:00:00","1","0","1","N",""
"1724600","水戸工業株式会社","水戸工業株式会社","様","Mito Kogyou","","","","","","","673-0003","明石市鳥羽297-47　ｻﾝﾊｲﾂ宮吉1Ｆ","","","","","078-924-5461","078-924-5462","","1","1724600","1","2","2","1","100015","ﾐﾄｺｳｷﾞｮｳ(ｶ","16:35:44","","2002/07/24 00:00:00","2005/05/13 00:00:00","1","0","1","N",""
"1817123","山口車体工業株式会社","山口車体工業㈱","様","Yamaguchi","","加藤","","","","","504-0814","岐阜県各務原市蘇原興亜町２丁目１－１","","","","Komatsu","0583-82-1155","0583-83-3249","","4","1817123","0","2","2","1","100046","ﾔﾏｸﾞﾁｼｬﾀｲｺ","09:22:10","","2002/07/24 00:00:00","2008/12/02 00:00:00","1","0","1","N",""
"1817141","株式会社　山武","㈱山武","様","","","","","","","","673-0005","明石市小久保1-4-4日本生命西明石ビル2Ｆ","","","","","078-926-1155","078-926-1177","","1","1817141","1","2","2","1","100009","ﾔﾏﾀｹ","11:04:01","","2002/07/24 00:00:00","2003/01/13 00:00:00","1","0","1","N",""
"1451321","株式会社　東海理化クリエイト","㈱東海理化","御中","Tokai Rika Create Corporation","","新美","様","","","","461-0004","名古屋市東区葵2丁目3番10号","","","","Komatsu","052-934-2111","052-934-2101","","3","1451321","2","2","2","1","100105","ﾄｳｶｲﾘｶﾊﾝﾊﾞ","09:46:31","","2002/07/24 00:00:00","2017/03/22 00:00:00","2","0","1","N","100149"
"1451321M","株式会社　マルトー","㈱マルトー","様","","","","","","","","492-8181","愛知県稲沢市日下部北町3-10","","","","","0587-21-2293","052-934-2103","","1","1451321M","3","2","2","1","190107","ﾏﾙﾄｰ","09:04:21","","2002/07/24 00:00:00","2006/04/20 00:00:00","1","0","1","N",""
"1451321N","株式会社　成田製作所","㈱成田製作所","様","","","","","","","","456-0033","愛知県名古屋市熱田区花表町20-12","","","","","052-881-6193","052-","","1","1451321N","3","2","2","1","100009","ﾅﾘﾀｾｲｻｸｼｮ","12:17:41","","2002/07/24 00:00:00","2004/07/20 00:00:00","1","0","1","N",""
"1451321Y","山本運輸倉庫株式会社","山本運輸倉庫㈱","様","","","","","","","","481-0006","愛知県西春日井郡師勝町大字熊之庄六の坪72","","","","","0568-24-3900","0568-24-3700","","1","1451321Y","3","2","2","1","100009","ﾔﾏﾓﾄｳﾝﾕｿｳｺ","12:18:00","","2002/07/24 00:00:00","2004/07/20 00:00:00","1","0","","N",""
"1451400","東洋製鉄株式会社","東洋製鉄㈱　京都工場","御中","toyo Seitetsu","","","","","","","618-0081","京都府乙訓郡大山崎町字下植野小字五条本28","","","","","075-956-2305","075-957-5608","","3","1451400","1","2","2","1","300137","ﾄｳﾖｳｾｲﾃﾂ(ｶ","15:30:15","","2002/07/24 00:00:00","2015/02/20 00:00:00","2","0","1","N","100149"
"1451485","東洋コントロ－ル株式会社","東洋コントロ－ル㈱","様","","","","","","","","335-0022","埼玉県戸田市上戸田２０番１号","","","","","048-445-8200","048-445-8211","","1","1451485","1","2","2","1","100009","ﾄｳﾖｳｺﾝﾄﾛ-ﾙ","11:04:01","","2002/07/24 00:00:00","2003/01/13 00:00:00","1","0","","N",""
"1457514","株式会社トモエシステム　広島","㈱トモエシステム　広島","御中","","","","","","","","731-0124","広島市安佐南区大町3-2-4","","材料売り単価の5倍","","","082-873-8110","082-877-7945","","1","1457514","0","2","2","1","9982","ﾄﾓｴｼｽﾃﾑ","09:26:16","","2002/07/24 00:00:00","2007/04/23 00:00:00","1","0","1","N",""
"1458535","株式会社トーヨーコーポレーション","（㈱トーヨーコーポレーション","様","","","","","","","","561-0814","大阪府豊中市豊南町東３丁目８－７","","","","","06-6334-0631","06-6334-0635","","2","1458535","0","2","2","1","100009","ﾄｰﾖｰｺｰﾎﾟﾚｰ","11:04:01","","2002/07/24 00:00:00","2003/01/13 00:00:00","1","0","","N",""
"151523","オークラ工業株式会社","オークラ工業㈱","様","","","","","","","","675-0025","兵庫県加古川市尾上町養田1378","材料売り　単価×10倍","","","","0794-22-0423","0794-22-1702","","1","151523","1","2","2","1","100025","ｵｰｸﾗｺｳｷﾞｮｳ","09:51:40","","2002/07/24 00:00:00","2006/07/21 00:00:00","1","0","","N",""
"8341524","三菱倉庫株式会社神戸支店","三菱倉庫㈱神戸支店","様","","","","","","","","568-0033","神戸市灘区向洋町西２丁目","","","","","078-857-1971","857-1978","","2","8341524","3","2","1","1","190047","ﾐﾂﾋﾞｼｿｳｺｺｳ","16:26:06","","2002/07/24 00:00:00","2003/12/08 00:00:00","1","0","","N",""
"18341525","コベルコ建機株式会社","コベルコ建機㈱　クレーン汎用部","様","Kobelco Cranes Co.,Ltd","","","","","","","674-0063","兵庫県明石市大久保町八木740","","","","Kobelco","278-936-1335","078-935-1029","","3","18341525","3","2","2","1","100025","ｺﾍﾞﾙｺｸﾚｰﾝ","10:51:48","","2002/07/24 00:00:00","2026/05/14 13:27:54","2","0","","N","100110"
"D000","ＰＳ－ＬＤ","ＰＳ－ＬＤ","様","","","","","","","","573-1011","大阪府枚方市上野３－１－１","","","","","072-8","072-8","","2","D000","","2","2","1","100009","PS-LD","11:04:01","","2002/07/24 00:00:00","2003/01/13 00:00:00","1","0","","N",""
"2911245","（有）ライトテクニカルスポット","㈲ライトテクニカルスポット","様","","","","","","","","675-0024","加古川市尾上町長田１１３－４","","外注　　　　　　　　　　　　　　　　御中","","","0794-25-5435","0794-25-4460","","1","2911245","0","2","2","1","100009","ﾗｲﾄﾃｸﾆｶﾙｽﾎ","11:04:01","","2002/08/12 00:00:00","2003/01/13 00:00:00","1","0","","N",""
"1652112","北海道重建機工株式会社","北海道重建機工㈱","様","","","福田","","","","","061-1271","北海道北広島市大曲中央1丁目2番地6","材料売り　単価×5","","","","011-377-4557","011-377-4559","","1","1652112","0","2","2","1","100025","ﾎｯｶｲﾄﾞｳｼﾞｭ","13:15:31","","2002/09/27 00:00:00","2005/12/13 00:00:00","1","0","","N",""
"1652113","北海道川重建機株式会社","北海道川重建機㈱","様","","","福田","","","","","061-1271","北海道北広島市大曲中央1丁目2番地2","","材料　売り単価の5倍　ロット購入","","","011-376-2616","011-370-3323","","1","1652113","1","2","2","1","100025","ﾎｯｶｲﾄﾞｳｶﾜｼ","14:04:31","","2002/09/27 00:00:00","2005/12/13 00:00:00","1","0","","N",""
"1714375","松本電業株式会社","松本電業㈱","様","","","","","","","","530-0043","大阪市北区天満５丁目５－２","","経理課　　　　　　　　　　　　　　　御中","","","06-6312-1951","06-6312-0663","","1","1714375","1","2","2","1","100009","ﾏﾂﾓﾄﾃﾞﾝｷﾞｮ","11:04:01","","2002/09/27 00:00:00","2003/01/13 00:00:00","1","0","","N",""
"1951181","ロイヤルコントロ－ルズ株式会社","ロイヤルコントロ－ルズ㈱","様","","","","","","","","162-0824","東京都新宿区揚場町2-14","","","","","03-5261-2051","03-","","1","1951181","0","2","2","1","100009","ﾛｲﾔﾙｺﾝﾄﾛ-ﾙ","11:04:01","","2002/09/27 00:00:00","2003/01/13 00:00:00","1","0","","N",""
"1954325","六甲技研株式会社","六甲技研㈱","様","","","","","","","","674-0067","明石市大久保町大久保町１６５－１６７","","購買担当　　　　御中経理課　　　　　御中","","","078-935-2104","078-935-2198","","1","1954325","0","2","2","1","100009","ﾛｯｺｳｷﾞｹﾝ","11:04:01","","2002/09/27 00:00:00","2003/01/13 00:00:00","1","0","","N",""
"1817157","株式会社　　井関重信製作所","㈱　井関重信","様","","","","","","","","791-0212","愛媛県東温市田窪660-3","","","","","089-907-6788","089-907-2772","","3","1817175","0","2","2","1","300137","ｲｾｷｼﾞｭｳｼﾝ","10:03:26","","2002/07/24 00:00:00","2012/12/26 00:00:00","2","0","","N",""
"1817175","㈱井関重信製作所　経理課","㈱井関重信製　経理課","御中","","","","","","","","791-0212","愛媛県東温市田窪660-3","","","","","089-907-6788","089-907-2772","","3","1817175","0","2","2","1","300137","ｲｾｷｼﾞｭｳｼﾝ","10:12:31","","2002/07/24 00:00:00","2012/12/26 00:00:00","2","0","1","N",""
"18171751","株式会社　井関重信製作所","㈱井関重信製作所","様","","","上田","","","","","791-0212","愛媛県東温市田窪６６０－３","","","","","089-907-6766","089-907-2772","","3","1817175","0","2","2","1","300137","ｲｾｷｼﾞｭｳｼﾝ","10:13:49","","2002/07/24 00:00:00","2012/12/26 00:00:00","2","0","","N",""
"1817176","株式会社　山忠商会","㈱山忠商会","様","","","","","","","","673-0434","三木市別所町小林675-5","","","","","0794-85-9401","0794-85-9403","","1","1817176","0","2","2","1","100009","(ｶﾌﾞ)ﾔﾏﾁｭｳ","11:04:01","","2002/07/24 00:00:00","2003/01/13 00:00:00","1","0","","N",""
"1834152","コベルコ建機㈱","コベルコ建機㈱","御中","Kobelco","納期管理グループ","廣澤","様","","","","731-5161","広島県広島市佐伯区五日市港2丁目2番1号","","材料売り単価の5倍","","Kobelco","082-943-5269","082-943-5373","","3","1834152","1","2","2","1","100106","ｺﾍﾞﾙｺ","14:05:05","","2002/07/24 00:00:00","2026/05/14 13:27:54","6","0","1","N","100110"
"18341521","コベルコ建機㈱祇園工場","コベルコ建機㈱　祇園工場","様","Kobelco Construction Machinery Co., Ltd.","","","","","","","731-3161","広島市安佐南区祇園３－１２－４","","","","Kobelco","082-848-2111","082-848-5531","","2","1834152","3","2","2","1","100011","ﾕﾀﾆｼﾞｭｳｺｳﾇ","14:38:28","","2002/07/24 00:00:00","2012/02/29 00:00:00","1","0","","N","100110"
"18341523","コベルコ建機株式会社　広島  Ｐ／Ｃ","コベルコ広島Ｐ／Ｃ","様","","","","","","","","731-0138","広島市安佐南区祇園３丁目１２番４号","","","","","082-874-1111","082-874-4200","","2","18341523","1","2","2","1","300137","ｺﾍﾞﾙｺﾋﾛｼﾏ","15:18:03","","2002/07/24 00:00:00","2008/02/22 00:00:00","1","0","","N",""
"18341524","コベルコ建機株式会社  大久保 Ｐ／Ｃ","コベルコ大久保P/C","様","Kobelco Okubo","","","","","","","674-0063","明石市大久保町八木７４０","","","","Kobelco","078-936-1331","078-","","4","18341524","1","2","2","1","100025","ｺﾍﾞﾙｺ ｵｵｸﾎ","16:42:04","","2002/07/24 00:00:00","2026/05/14 13:27:54","1","0","","N","100110"
"1853241","㈱吉高自動車修理工場","㈱吉高自動車修理工場","様","","","","","","","","674-0029","明石市大道町2-11-24","","","","","078-927-2256","078-929-1716","","1","1853241","1","1","2","1","100009","ﾖｼﾀｶｼﾞﾄﾞｳｼ","11:04:01","","2002/07/24 00:00:00","2003/01/13 00:00:00","1","0","","N",""
"6931966","有限会社 ﾌﾟﾗｽｱﾙﾌｧ","ﾌﾟﾗｽｱﾙﾌｧ-","御中","Plus Alpha","","吉岡","","","","","224-0025","神奈川県横浜市都筑区早渕1丁目24-17","","","","","045-595-2223","045-595-2224","","1","6931966","1","2","2","1","100025","(ﾕｳ) ﾌﾟﾗｽｱ","14:56:01","","2002/07/24 00:00:00","2011/07/19 00:00:00","1","0","1","N",""
"743711W1","祇園工場","祇園工場","様","","","","","","","","731-0138","広島県","広島県","","","","082-874-1121","082-874-1121","","2","743711W1","","2","2","1","100009","ｷﾞｵﾝｺｳｼﾞｮｳ","11:04:01","","2002/07/24 00:00:00","2003/01/13 00:00:00","1","0","","N",""
"746111W1","祇園工場","祇園工場","様","","","","","","","","731-0138","広島県広島市","安佐南区祇園３丁目１２－４","","","","082-874-1121","082-874-9150","","2","746111W1","","2","2","1","100009","ｷﾞｵﾝ","11:04:01","","2002/07/24 00:00:00","2003/01/13 00:00:00","1","0","","N",""
"747710I1","プレス工業株式会社","プレス工業㈱","様","","","","","","","","000","プレス市","","","","","000","000","","3","747710I1","","2","2","1","100009","ﾌﾟﾚｽｺｳｷﾞｮｳ","11:04:01","","2002/07/24 00:00:00","2003/01/13 00:00:00","1","0","","N",""
"8000280","三波工業株式会社","三波工業㈱","様","","","","","","","","674-0067","明石市大久保町大久保町４５１－１","","","","","078-934-6617","078-934-6619","","1","8000280","0","2","2","1","100009","ﾐﾅﾐｺｳｷﾞｮｳ","11:04:01","","2002/07/24 00:00:00","2003/01/13 00:00:00","1","0","","N",""
"8000300","東亜電機工業株式会社","東亜電機工業㈱","様","","","","","","","","923-8520","小松市国分台５－３","","","","","0761-47-2996","0761-47-3786","","1","8000300","0","2","2","1","100025","ﾄｳｱﾃﾞﾝｷｺｳｷ","16:33:57","","2002/07/24 00:00:00","2012/12/05 00:00:00","1","0","1","N",""
"8000310","株式会社小松製作所　滋賀工場","コマツ滋賀工場","御中","","","谷","様","","","","520-2551","滋賀県蒲生郡竜王町薬師1166","","","","Komatsu","0748-58-1154","0748-58-1607","","2","8000310","3","2","2","1","100046","ｺﾏﾂｼｶﾞｺｳｼﾞ","14:09:37","","2002/07/24 00:00:00","2026/07/22 00:00:00","1","0","1","N","100149"
"8000311","株式会社オークラ","㈱オークラ","様","","","","","","","","520-2551","滋賀県蒲生郡竜王町薬師1166","","","","","0748-58-1154","0748-58-1607","","2","8000311","","2","2","1","100009","ｵｰｸﾗ","11:04:01","","2002/07/24 00:00:00","2003/01/13 00:00:00","1","0","","N",""
"8341523","コベルコ建機株式会社　大久保クレーン工場","コベルコ建機㈱大久保クレーン","様","","","","","","","","674-0063","明石市大久保町八木７４０","","","","","078-936-1331","9350779","","1","8341523","3","2","1","1","200070","ｵｵｸﾎﾞｸﾚｰﾝ","16:05:33","","2002/07/24 00:00:00","2003/11/13 00:00:00","1","0","1","N",""
"2456532","有限会社トーボシ産業","㈲トーボシ産業","御中","","","","","","","","675-1112","加古郡稲美町六分一 1209-59","","","","","0794-95-2710","0794-95-2810","","1","2456532","2","2","2","1","300137","ﾄｰﾎﾞｼｻﾝｷﾞｮ","13:12:27","","2002/07/24 00:00:00","2021/10/11 00:00:00","1","0","","N",""
"2526599","株式会社日本テック","㈱日本テック","様","","","","","","","","671-1125","姫路市広畑区正門通４丁目１０－６","","経理課　　　　　　　　　　　　　　　御中","","","0792-39-8867","0792-39-8335","","1","2526599","1","2","2","1","100009","ﾆﾎﾝﾃｯｸ","11:04:01","","2002/07/24 00:00:00","2003/01/13 00:00:00","1","0","","N",""
"2741292","明立電子工業所","明立電子工業所","様","","","","","","","","656-0014","兵庫県洲本市桑間６３０番地","","御中","","Meiritsu","0799-22-7012","0799-22-7078","","1","2741292","1","2","2","1","100049","ﾒｲﾘﾂﾃﾞﾝｼｺｳ","13:53:28","","2002/07/24 00:00:00","2003/11/20 00:00:00","1","0","","N",""
"2741292B","明立電子工業所Ｂ","明立電子Ｂ","様","","","","","","","","656-0014","兵庫県洲本市桑間６３０番地","","","","","0799-22-7012","0799-23-0712","","1","2741292B","0","2","2","1","100009","ﾒｲﾘﾂﾃﾞﾝｼ","11:04:01","","2002/07/24 00:00:00","2003/01/13 00:00:00","1","0","","N",""
"331907W1","東亜電機工業株式会社","東亜電機工業㈱","様","","","","","","","","923-8520","小松市国分台５－３","","","","","0761-47-2996","0461-47-3786","","3","331907W1","","2","2","1","100009","ﾄｳｱﾃﾞﾝｷｺｳｷ","11:04:01","","2002/07/24 00:00:00","2003/01/13 00:00:00","1","0","","N",""
"54X0","汎建奈良製作所","汎建奈良製作所","様","","","","","","","","636-0204","奈良県磯城郡川西町唐院712-3","","","","","0720-","0720-","","2","1619935","3","2","2","1","100046","ﾊﾝｹﾝﾅﾗｾｲｻｸ","10:01:22","","2002/07/24 00:00:00","2020/09/17 00:00:00","1","0","","N",""
"641963W1","株式会社トモエシステム　神戸","㈱ﾄﾓｴｼｽﾃﾑ","様","","","","","","","","652-0803","神戸市兵庫区大開通7-1-17","","材料売り単価の5倍","","","078-576-5160","078-577-1722","","2","641963W1","1","2","2","1","100025","ﾄﾓｴｼｽﾃﾑ","11:24:57","","2002/07/24 00:00:00","2005/10/05 00:00:00","1","0","1","N",""
"641964U1","株式会社巴商会電装","㈱巴商会電装","様","","","","","","","","652-0803","神戸市兵庫区大開通７丁目１－２０","","","","","078-576-1088","078-","","2","641964U1","","2","2","1","100009","ﾄﾓｴｼｮｳｶｲﾃﾞ","11:04:01","","2002/07/24 00:00:00","2003/01/13 00:00:00","1","0","","N",""
"641996U1","株式会社巴商会電装","㈱巴商会電装","様","","","","","","","","652-0803","神戸市兵庫区大開通７丁目１－２０","","","","","078-576-1088","078-","","2","641996U1","","2","2","1","100009","ﾄﾓｴｼｮｳｶｲﾃﾞ","11:04:01","","2002/07/24 00:00:00","2003/01/13 00:00:00","1","0","","N",""
"1924499","株式会社リーデン","㈱リーデン","御中","","","","","","","","300-0065","茨城県土浦市常名町３２９５","","","","","0298-22-2441","0298-24-3557","","1","1924499","1","2","2","1","9982","ﾘｰﾃﾞﾝ","10:59:25","","2002/07/24 00:00:00","2007/10/22 00:00:00","1","0","","N",""
"1962499","和研工業株式会社","和研工業㈱","様","","","","","","","","554-0024","大阪市此花区島屋４丁目３番８号","テクノパーク島屋１９号","","","","06-6460-0005","06-6460-0006","","2","1962499","0","2","2","1","100009","ﾜｹﾝｺｳｷﾞｮｳ","11:04:01","","2002/07/24 00:00:00","2003/01/13 00:00:00","1","0","","N",""
"2000001","PT. BANSHU ELECTRIC INDONESIA","PT. BANSHU ELECTR","様","","","","","","","","000","JL.JABABEKA VI BLOCK U-9B","BEKASI 17530 INDONEIAS","","","","62-21-893-4777","62-21-893-4776","","22","2000001","3","2","2","1","100009","BEI","09:19:55","","2002/07/24 00:00:00","2004/04/06 00:00:00","1","0","","N",""
"2111201","相和電子工業株式会社","相和電子工業㈱","様","","","","","","","","678-0056","相生市那波東本町7番20号","","","","","0791-22-2421","0791-22-5618","","1","2111201","1","2","2","1","100009","ｱｲﾜﾃﾞﾝｼｺｳｷ","11:04:01","","2002/07/24 00:00:00","2003/01/13 00:00:00","1","0","","N",""
"2113925","共和工業株式会社","共和工業㈱","様","","","","","","","","721-0942","広島県福山市引野4-4-28","","","","","0849-41-0500","0849-41-6457","","1","2113925","0","2","2","1","100009","ｷｮｳﾜｺｳｷﾞｮｳ","11:04:01","","2002/07/24 00:00:00","2003/01/13 00:00:00","1","0","","N",""
"2196312","日立建機株式会社　播州工場","日立建機㈱播州工場","様","","","","","","","","675-1113","加古郡稲美町岡２６８０番地","","","","日立建機株式会社　播州工場","0794-95-1213","0794","","3","2196312","0","2","2","1","300137","ﾋﾀﾁ","14:31:40","","2002/07/24 00:00:00","2019/03/30 00:00:00","2","0","1","N","100115"
"2196313","川崎重工業株式会社西神戸工場","川崎重工業㈱西神戸工場","様","","","","","","","","651-2239","神戸市西区櫨谷町松本234番地","精機事業部　資材部　機器資材Ｇr","滝本様　　　　　御中","","","078-991-1339","078-991-1581","","1","2196313","2","2","2","1","100009","ｶﾜｻｷｼﾞｭｳｺｳ","11:04:01","","2002/07/24 00:00:00","2003/01/13 00:00:00","1","0","","N",""
"2341263","有限会社西部電装","（有）西部電装","様","","","","","","","","733-0006","広島市西区三篠北町１７－１７","","","","","082-238-8525","082","","1","2341263","1","2","2","1","100009","ｾｲﾌﾞﾃﾞﾝｿｳ","11:04:01","","2002/07/24 00:00:00","2003/01/13 00:00:00","1","0","","N",""
"1746111","昌和工業㈱広島営業所","昌和工業㈱広島営業所","様","","","中山","","","","","","広島市安佐南区緑井3-8-2","㈱ｴﾇｴｰｼﾞｰﾊﾟｰﾂｻｰﾋﾞｽ内","","","","082-877-8515","","","1","1328103","3","1","2","2","100009","","09:41:20","","2003/10/25 00:00:00","2004/11/18 00:00:00","0","0","","N",""
"2718142","有限会社　宮地加工所","㈲宮地加工所","様","","","","","","","","719-3505","岡山県阿哲郡大佐町大字布瀬1931-1","","","","","0867-98-3488","0867-98-3466","","1","2718142","0","2","2","1","100009","ﾐﾔｼﾞｶｺｳｼｮ","09:30:53","","2002/09/27 00:00:00","2003/01/29 00:00:00","1","0","","N",""
"18341522","コベルコ建機㈱沼田工場（広金）","コベルコ建機㈱沼田工場（広金）","様","Kobelco Construction Machinery Co., Ltd.","","","","","","","731-3167","広島市安佐南区大塚西2丁目22-7","","","","","082-848-2111","082-848-5531","","1","1834152","3","2","1","1","100106","ﾕﾀﾆｼﾞｭｳｺｳﾇ","10:25:35","","2002/07/24 00:00:00","2019/10/08 00:00:00","2","0","","N",""
"1320323A","新光電機株式会社","新光電機㈱","様","","","","","","","","651-22","神戸市西区高塚台3-1-55","","","","","078-992-0671","078-992-0506","","1","1320323A","1","2","2","1","100009","ｼﾝｺｳﾃﾞﾝｷ(ｶ","11:04:01","","2002/10/16 00:00:00","2003/01/13 00:00:00","1","0","","N",""
"1834153","油谷重工株式会社沼田工場","油谷重工㈱沼田工場","様","","","","","","","","731-3161","広島市安佐南区沼田町伴１２７２－１０","","","","","082-848-2111","082-848-5531","","3","1834153","","2","2","1","100009","ﾕﾀﾆｼﾞｭｳｺｳﾇ","11:04:01","","2002/10/16 00:00:00","2003/01/13 00:00:00","1","0","","N",""
"1834155","コベルコ建機株式会社　広島  Ｐ／Ｃ","コベルコ建機㈱　広島Ｐ／Ｃ","様","","","","","","","","731-0138","広島市安佐南区祇園３丁目１２番４号","","","","","082-874-1111","082-874-4200","","2","1834155","1","2","2","1","100009","ｺﾍﾞﾙｺﾋﾛｼﾏ","11:04:01","","2002/10/16 00:00:00","2003/01/13 00:00:00","1","0","","N",""
"1834156","コベルコ建機㈱  大久保 Ｐ／Ｃ","コベルコ建機㈱  大久保 Ｐ／Ｃ","様","","","","","","","","674-0063","明石市大久保町八木７４０","","","","Kobelco","078-936-1331","078-","","1","1834156","1","2","2","1","100009","ｺﾍﾞﾙｺ ｵｵｸﾎ","11:04:01","","2002/10/16 00:00:00","2003/01/13 00:00:00","1","0","","N","100110"
"8341521","祇園工場","祇園工場","様","","","","","","","","731-0138","広島市安佐南区祇園３丁目１２番４号","","","","","082-874-1111","082-874-4200","","2","8341521","","2","2","1","100009","ｷﾞｵﾝｺｳｼﾞｮｳ","11:04:01","","2002/10/16 00:00:00","2003/01/13 00:00:00","1","0","","N","100110"
"8341522","沼田工場","沼田工場","様","","","","","","","","731-3161","広島市安佐南区大塚西2丁目22番7号","","","","","082-848-2111","082-848-5531","","2","8341522","3","2","2","1","100025","ﾇﾏﾀｺｳｼﾞｮｳ","14:06:10","","2002/10/16 00:00:00","2015/02/04 00:00:00","1","0","","N",""
"8341525","コベルコ建機株式会社　高砂クレーン工場","コベルコ建機㈱高砂クレーン","様","","","","","","","","674","兵庫県高砂市","","","","","078-","078-","","1","8341525","","2","2","1","100009","ﾀｶｻｺﾞｸﾚｰﾝ","11:04:01","","2002/10/16 00:00:00","2003/01/13 00:00:00","1","0","","N",""
"8341526","コベルコ建機株式会社　カスタマサポート部","コベルコ建機㈱カスタマ","様","","","","","","","","674","兵庫県","","","","","078-935-0731","078-935-1341","","1","8341526","","2","2","1","100009","ｶｽﾀﾏｻﾎﾟｰﾄ","11:04:01","","2002/10/16 00:00:00","2003/01/13 00:00:00","1","0","","N",""
"1412131","高砂電子工業株式会社","高砂電子工業㈱","様","","","","","","","","676-0077","高砂市松陽3-767","","","","","0794-48-5700","0794-48-5567","","1","1412131","1","2","2","1","100009","ﾀｶｻｺﾞﾃﾞﾝｼｺ","11:04:01","","2002/11/18 00:00:00","2003/01/13 00:00:00","1","0","","N",""
"1632523","株式会社　フコク東海","㈱フコク東海","様","","","","","","","","454-0963","名古屋市中川区水里2丁目130番地","","","","","052-303-2831","052-303-2831","","1","1632523","0","2","2","1","100009","ﾌｺｸﾄｳｶｲ","11:04:01","","2002/11/18 00:00:00","2003/01/13 00:00:00","1","0","","N",""
"1813123","矢崎総業株式会社","矢崎総業㈱","様","","","","","","","","","","","","","","","","","3","1813123","3","2","1","1","100009","","15:22:35","","2003/01/06 00:00:00","2003/01/06 00:00:00","1","0","","N",""
"1243234","株式会社　ケ－シ－シ－テック","㈱ｹ-ｼ-ｼ-ﾃｯｸ","御中","","","","","","","","674-0066","明石市大久保町福田409-16","","","","","078-938-0651","078-938-0658","","1","1243234","1","2","2","1","100015","ｹ-ｼ-ｼ-ﾃｯｸ","15:03:50","","2003/01/13 00:00:00","2004/10/28 00:00:00","1","0","1","N",""
"1349925","センコーアドバンス株式会社","センコーアドバンス㈱","御中","","","","","","","","510-0833","三重県四日市市中川原2丁目5-23","","","","","059-352-1121","059-352-1149","059-352-1131","1","1349925","1","2","2","1","300137","ｾﾝｺｳｻﾝｷﾞｮｳ","14:43:18","","2002/07/24 00:00:00","2021/03/22 00:00:00","1","0","","N",""
"2412481","竹安電気","竹安電気","様","","","","","","","","","","","","","","","","","2","2412481","3","2","1","2","100009","","09:10:05","","2003/02/11 00:00:00","2003/04/22 00:00:00","1","0","","N",""
"1312175","阪本株式会社","阪本㈱","御中","SAKAMOTO","","高田","様","","","","652-0823","神戸市兵庫区東出町3丁目14-8","","","","","078-671-3355","078-681-3227","","11","1312175","2","2","1","2","100015","ｻｶﾓﾄ","10:59:06","","2003/02/13 00:00:00","2003/02/13 00:00:00","1","0","","N",""
"12571432","コマツ部品管理センタ（枚方）","コマツ部品管理センタ（枚方）","様","Komatsu Parts Hirakata","","","","","","","573-1011","大阪府枚方市上野３－１－１","コマツ大阪工場","谷口センター長様御中","","Komatsu","0720-40-6066","0720-40-5328","","3","12571432","2","1","2","1","100046","ｺﾏﾂｵｵｻｶｺｳｼ","13:58:51","","2002/07/24 00:00:00","2016/07/25 00:00:00","11","0","","N","100149"
"1624110B","日立建機ロジテック(株) 土浦第二物流センター","土浦物流センタ-","様","Hitachi Tutiura Buturyu Center","","","","","","","300-0026","茨城県土浦市木田余3550番地","㈱プロテリアル金属内　日立建機ロジテック㈱　5・6号棟","","","Hitachi","029-893-3330","029-893-3852","","1","1624110","3","2","1","2","100126","ﾋﾀﾁｹﾝｷ","14:25:25","","2003/10/20 00:00:00","2023/12/01 00:00:00","1","0","","S",""
"1624110C","日立建機ロジテック株式会社 名古屋物流ｾﾝﾀ","新治","様","","","","","","","","476-0002","愛知県東海市名和町三番割下70番地4","","","","","052-689-7061","","","1","1624110C","3","2","1","2","100112","ﾆｲﾊﾘ","16:49:55","","2003/10/20 00:00:00","2018/05/25 00:00:00","1","0","","S",""
"2523221","西垣　真砂代","西垣　真砂代","","","","","","","","","","","","","","","","","","0","2523221","3","2","1","2","200070","","15:15:58","","2004/10/07 00:00:00","2004/10/07 00:00:00","0","0","","N",""
"Y6111W","昌和工業㈱広島営業所（中国）","昌和工業㈱広島営業所（中国）","様","","","中山","","","","","","広島市安佐南区緑井3-8-2","㈱ｴﾇｴｰｼﾞｰﾊﾟｰﾂｻｰﾋﾞｽ内","","","","082-877-8515","","","2","1834152","3","1","2","2","100009","","09:27:57","","2005/01/28 00:00:00","2005/01/28 00:00:00","3","0","","N",""
"1116110","","㈱エヌエー","","NA","資材","鈴木美也子","","","","","","静岡県浜松市新原3846-3","","","","","053-587-0085","053-587-0821","","2","1116110","2","2","1","1","100025","ｴﾇｴｰ","13:21:06","","2007/02/05 00:00:00","2007/02/05 00:00:00","0","0","","N",""
"1624121","株式会社日立建機カミーノ","㈱日立建機カミーノ","御中","Hitachi Construction Machinery Camino Co., Ltd","調達部　購買グループ","小松","様","","","","999-3737","山形県東根市大字若木字七窪5600-1","","","","Hitachi","0237-48-2906","0237-48-2896","0237-48-3484","4","1624121","2","2","2","1","300137","ﾋﾀﾁｹﾝｷｶﾐｰﾉ","11:10:08","","2007/02/05 00:00:00","2017/01/18 00:00:00","1","0","1","S","100115"
"2933255","連城　邦子","","","","","","","","","","","","","","","","","","","0","2933255","3","2","1","2","100018","","13:26:00","","2007/03/15 00:00:00","2007/03/15 00:00:00","0","0","","N",""
"2853251","㈱吉永電気","","","","","","","","","","","","","","","","","","","0","2853251","3","2","1","2","100018","","10:26:22","","2007/05/11 00:00:00","2007/05/11 00:00:00","0","0","","N",""
"2261945","神戸エレクトロニクス","","","","","","","","","","","","","","","","","","","0","2261945","3","2","1","2","100018","","10:26:45","","2007/05/11 00:00:00","2007/05/11 00:00:00","0","0","","N",""
"1364810","㈱　メタルワン","㈱　メタルワン","御中","Metal One","厚板部厚板課","小田","様","","","","105-0014","東京都港区芝3-23-1","","","","","03-6400-2238","03-6400-2928","","0","1364810","3","2","1","2","100025","ﾒﾀﾙﾜﾝ","12:02:35","","2005/01/25 00:00:00","2005/06/08 00:00:00","0","0","1","N",""
"1624112","日立建機龍ヶ崎　アルバ","日立建機龍ヶ崎　アルバ","御中","Hitachi Construction Machinery Co., Ltd ALBA","資材部 資材Ｇ","猪瀬","様","","","","301-8501","茨城県龍ヶ崎市3番地","","","","Hitachi","0297-64-3115","0297-64-6802","","2","1624112","2","2","1","1","500010","ﾃｨｼｨｴﾑ","13:08:54","","2005/03/07 00:00:00","2012/10/03 00:00:00","1","0","1","S","100115"
"2933342","龍造寺","","","","","","","","","","","","","","","","","","","0","2933342","3","2","1","2","200070","","15:22:55","","2005/03/18 00:00:00","2005/03/18 00:00:00","0","0","","N",""
"11523","山九㈱三原工場","山九㈱三原工場","","","河村マネジャー","","","","","","","広島県三原市沼田西町松江1876-1","","","","","0848-86-0539","","","0","11523","3","2","1","2","190047","ｻﾝｷｭｳ","09:42:55","","2005/04/22 00:00:00","2005/05/19 00:00:00","0","0","","N",""
"1724601","株式会社イチネンアクセス","㈱イチネンアクセス（住友）","御中","MIZUHO AUTOMOBILE INDUSTRIAL CO.,LTD","建機部","高木様","","","","","108-0073","東京都港区三田三丁目１３番１６号　三田43ＭＴﾋﾞﾙ15階","","","","Mizuho","03-5484-6382","03-5484-6383","","4","1724601","2","2","2","1","100107","ｱｸｾｽ","14:02:00","","2006/07/26 00:00:00","2022/04/04 00:00:00","10","0","1","N","100110"
"1328103","昌和工業㈱広島営業所","昌和工業㈱広島営業所","様","","","中山","","","","","731-0103","広島市安佐南区緑井3-6-33","㈱ｴﾇｴｰｼﾞｰﾊﾟｰﾂｻｰﾋﾞｽ内","","","","082-877-8515","","","2","1328103","3","1","2","2","100025","","13:11:20","","2003/09/23 00:00:00","2008/09/08 00:00:00","2","0","","N",""
"1411323","株式会社　電精社","㈱　電精社","","","土浦営業所","岡本","","","","","300-0012","茨城県土浦市神立東2丁目8-1","","","","","0298-31-3991","0298-31-6097","","0","1411323","3","2","1","2","100049","ﾃﾞﾝｾｲｼｬ","14:46:56","","2004/01/17 00:00:00","2004/02/25 00:00:00","0","0","","N","100115"
"1643345","株式会社　ベストシステム","㈱ベストシステム","様","","","山田","様","","","","315-0055","茨城県かすみがうら市稲吉南3-2-3","","材料売り仕入単価×10　電線類は仕入れ×3","","","029-834-1311","029-834-1312","","0","1643345","3","2","1","2","9982","ﾍﾞｽﾄｼｽﾃﾑ","15:56:51","","2004/04/26 00:00:00","2007/09/28 00:00:00","0","0","","N",""
"1516144","因幡電機産業株式会社","因幡電機産業㈱","御中","","","","","","","","550-0012","大阪市西区立売堀4-11-14","","","","","06-4391-1825","06-4391-1806","","1","1516144","1","2","2","1","300137","ｲﾅﾊﾞﾃﾞﾝｷ","14:14:16","","2003/10/16 00:00:00","2025/01/07 00:00:00","0","0","","N",""
"1134373A","伊勢湾海運株式会社　大阪港流通センター","伊勢湾海運(株)　大阪港流通センタ","御中","","","","","","","","559-0033","大阪市住之江区南港中7-3-109","","","","","06-6614-3755","","","1","1134373","3","2","1","2","100126","ｲｾﾜﾝｶｲｳﾝ","09:27:44","","2003/10/22 00:00:00","2020/03/26 00:00:00","0","0","","N","100149"
"1134373B","有限会社ミトク商事","㈲ミトク商事","御中","","","","","","","","323-0804","栃木県小山市大字萱橋字野合1179-3","","","","","0285-39-1533","","","1","1134373","3","2","1","2","100126","ﾐﾄｸｼｮｳｼﾞ","17:50:21","","2003/10/22 00:00:00","2020/09/14 00:00:00","1","0","","N","100149"
"1714373","(有)松村鉄工所","松村鉄工所","","","管理課長","山本京美","","","","","","高知県香美郡香北町わの字ハウジケ谷256-1","","","","","08875-8-3171","08875-8-4173","","5","1714373","3","2","1","2","200070","","12:30:10","","2003/12/19 00:00:00","2003/12/19 00:00:00","0","0","","N",""
"1641511","立花エレテック","立花エレテック","様","","","","","","","","","兵庫県加古川市尾上町養田1378","オークラ工業㈱ 経由　立花エレテック","","","","","","","1","1641511","2","1","1","1","190047","","17:10:47","","2003/10/23 00:00:00","2003/10/28 00:00:00","0","0","","N",""
"1640508","上組六甲アイランド営業所","上組六甲アイランド営業所","様","","","金井","","","","","658-0032","神戸市東灘区向洋町３丁目","","","","","","","","1","1632732","3","2","1","2","190047","","09:36:19","","2003/09/22 00:00:00","2003/09/23 00:00:00","1","0","","N",""
"12513655","コベルコ建機エンジニアリング㈱特機生産部九州駐在","ｺﾍﾞﾙｺｴﾝｼﾞ九州","","Kobelco ENG Kyusyu","","久保山","","","","","816-0912","福岡県大野城市御笠川３丁目１番８号","","材料売り単価の5倍","","Kobelco","092-503-5239","092-504-1670","","2","12513655","2","2","2","1","100025","ｺﾍﾞﾙｺｹﾝｷ","19:20:25","","2004/04/28 00:00:00","2009/04/01 00:00:00","2","0","1","N","100110"
"13556679","酒井重工業株式会社　プロダクトサポート部","酒井重工業（株）ﾌﾟﾛﾀﾞｸﾄｻﾎ","様","SAKAI HEAVY INDUSTRIES-Product Support","","","","","","","349-1125","埼玉県久喜市高柳2500","埼玉県北葛飾郡栗橋町大字高柳2500","","","SAKAI","049-261-2850","049-261-2859","","3","13556679","3","2","2","1","100025","ｻｶｲｼﾞｭｳｺｳｷ","10:28:11","","2004/05/17 00:00:00","2011/08/24 00:00:00","4","0","1","N","100115"
"1624111","日立建機株式会社　龍ヶ崎工場","日立建機㈱龍ヶ崎工場","御中","Hitachi Construction Machinery Co., Ltd  Ryugasaki Plant","調達部　龍ケ崎グループ","猪瀬","様","","","","3018501","茨城県竜ヶ崎市３番地","","","","Hitachi","0297643115","0297646802","","1","1624111","3","2","1","1","100112","ﾋﾀﾁｹﾝｷ","10:52:15","","2004/09/18 00:00:00","2019/04/23 00:00:00","1","0","1","S","100115"
"1410383","大和商事株式会社","大和商事㈱","御中","","","中川","様","","","","550-0021","大阪市西区川口3丁目10番26号","","","","","06-6581-9221","06-6581-9226","","2","1410383","2","2","1","2","100015","ﾀﾞｲﾜｼｮｳｼﾞ","13:23:42","","2003/07/08 00:00:00","2003/07/08 00:00:00","0","0","","N",""
"1521432","長津工業株式会社","長津工業株式会社","様","","","菊地","様","","","","613-0916","京都市伏見区淀美豆町384","","","","","075-631-5101","075-631-8567","","2","1521432","2","2","1","1","0000","ﾅｶﾞﾂｺｳｷﾞｮｳ","16:07:32","","2003/07/22 00:00:00","2003/07/22 00:00:00","1","0","1","N",""
"1624110","日立建機株式会社","日立建機㈱","","Hitachi Construction Machinery Co., Ltd","購買Ｇ","鈴木","様","","","","300-0013","茨城県土浦市神立町650番地","","","","Hitachi","0298-32-7131","0298-32-7493","","4","1624110","2","2","2","1","000001","ﾋﾀﾁｹﾝｷ","10:26:28","","2003/03/14 00:00:00","2012/02/29 00:00:00","0","0","1","S","100115"
"13499255","株式会社　岩崎商店","㈱岩崎商店","様","","","","","","","","557-6031","大阪市西成区鶴見橋1-8-16","岩崎様携帯　090-2044-6430","","","","06-6632-2743","06-6632-2746","","1","1349925","1","2","2","1","100025","ｲﾜｻｷｼｮｳﾃﾝ","14:00:37","","2003/04/23 00:00:00","2007/09/25 00:00:00","1","0","","N","100023"
"132944","新電元ﾃﾞﾊﾞｲｽ販売株式会社","新電元ﾃﾞﾊﾞｲｽ販売㈱","様","","久保","","","","","","542-0081","大阪市中央区南船場2-3-2南船場ﾊ-ﾄﾋﾞﾙ11階","","","","","06-6265-4161","06-6265-4171","","0","132944","3","2","1","2","100049","ｼﾝﾃﾞﾝｹﾞﾝ","16:09:51","","2003/05/08 00:00:00","2003/05/08 00:00:00","0","0","","N",""
"2523275","西森　純子","西森　純子","","","","","","","","","","","","","","","","","","0","2523275","3","2","1","2","200070","","14:34:45","","2004/12/02 00:00:00","2004/12/02 00:00:00","0","0","","N",""
"1632732","上組六甲アイランド営業所","上組六甲アイランド営業所","様","","","金井","","","","","658-0032","神戸市東灘区向洋町３丁目","","","","","","","","1","1632732","3","2","1","2","190047","","09:36:19","","2003/09/22 00:00:00","2003/09/23 00:00:00","1","0","","N",""
"2256182","小林　淳子","","","","","","","","","","","","","","","","","","","0","2256182","3","2","1","2","200070","","15:43:44","","2005/09/26 00:00:00","2005/09/26 00:00:00","0","0","","N",""
"1257144","ｺﾏﾂ大阪工場 ワーキングギア室","コマツ大阪  ＷＧ","様","","ワーキングギア","古谷","様","","","","573-1011","大阪府枚方市上野３－１－１","","","","","072-840-1043","072-849-4964","","1","1257143","3","1","2","1","300137","ｺﾏﾂﾜｰｷﾝｸﾞ","10:42:14","","2005/07/01 00:00:00","2013/06/20 00:00:00","1","0","1","N",""
"1624113","株式会社ロジスネクスト滋賀工場","㈱ロジスネクスト滋賀","御中","Mitsubishi Logisnext Co.,Ltd.Shiga","購買本部購買グループ","長尾","様","","","","5230013","滋賀県近江八幡市長光寺町578","","","","Hitachi","0748-37-6700","0748-37-3259","","2","1624113","3","2","1","1","100132","ﾛｼﾞｽﾈｸｽﾄ","15:35:46","","2005/08/22 00:00:00","2026/05/08 00:00:00","1","0","1","S","100149"
"2724525","MGS","","","","","","","","","","","","","","","","","","","0","2724525","3","2","1","2","200070","","17:44:24","","2006/01/23 00:00:00","2006/01/23 00:00:00","0","0","","N",""
"1251365","","","","","","","","","","","","","","","","","","","","0","1251365","3","2","1","2","100025","","10:24:14","","2006/10/18 00:00:00","2006/10/18 00:00:00","0","0","","N",""
"1624113C","株式会社ﾛｼﾞｽﾈｸｽト部品ｾﾝﾀｰ","㈱ﾛｼﾞｽﾈｸｽト部品ｾﾝﾀｰ","御中","Mitsubishi Logisnext Co.,Ltd,","サービス部品センタ","久田","様","","","","523-0013","滋賀県近江八幡市長光寺町字松田603-1","","","","Hitachi","0748-37-2271","0748-37-2210","","4","1624113","3","2","1","1","100132","ﾛｼﾞｽﾈｸｽﾄ","15:35:32","","2006/02/08 00:00:00","2026/05/08 00:00:00","1","0","1","S","100149"
"2784253","宮本　恭輔","","","","","","","","","","","","","","","","","","","0","2784253","3","2","1","2","100018","","15:49:22","","2006/04/19 00:00:00","2006/04/19 00:00:00","0","0","","N",""
"1257145","ｺﾏﾂ大阪工場 品質保証課","コマツ大阪　品質保証課","様","Komatsu Quolity","品質保証課","永田","様","","","","573-1011","大阪府枚方市上野３－１－１","","","","Komatsu","072-840-6067","072-840-6340","","1","1257143","1","2","1","2","9982","ｺﾏﾂｵｵｻｶｺｳｼ","15:28:49","","2005/09/15 00:00:00","2006/01/05 00:00:00","1","0","1","N",""
"1341299","清和工業","清和工業㈱","御中","","","","","","","","578-0935","東大阪市若江東6丁目6-12","","","","","06+6722-8651","06-6721-0321","","0","1341299","3","2","1","2","300137","ｾｲﾜｺｳｷﾞｮｳ","15:34:28","","2005/08/22 00:00:00","2014/04/11 00:00:00","0","0","","N",""
"1257147K","コマツ粟津工場　購買本部","コマツ粟津工場","様","","購買本部","北野","様","","","","923-0392","石川県小松市符津町ツ23","","経理課　　　　　　　　　　　　　　　御中","","","0761-43-4724","0761-43-3261","","1","1257147K","2","2","2","1","190047","ｺﾏﾂｱﾜﾂﾞ","16:02:27","","2006/02/16 00:00:00","2006/02/16 00:00:00","1","0","","N",""
"1257149K","コマツ真岡工場　購買本部","コマツ真岡工場　購買本部","","","購買本部","篠崎","様","","","","321-4346","栃木県真岡市松山町26番地","","","","","0285-84-4351","0285-84-8797","","1","1257149","3","2","1","2","190047","ｺﾏﾂﾓｵｶ","16:02:48","","2006/02/16 00:00:00","2006/02/16 00:00:00","0","0","1","N",""
"12513656","コベルコ建機日本株式会社","コベルコ建機日本㈱東日本","御中","","","清水","","","","","272-0002","千葉県市川市二俣新町１７番地","","材料売り単価の5倍","","Kobelco","047-328-6011","047-328-5655","","3","12513656","2","2","2","2","300137","ｺﾍﾞﾙｺ","14:32:10","","2006/10/18 00:00:00","2019/03/30 00:00:00","2","0","1","N","100110"
"2759231","森　幸子","","","","","","","","","","","","","","","","","","","0","2759231","3","2","1","2","200070","","15:50:30","","2005/09/26 00:00:00","2005/09/26 00:00:00","0","0","","N",""
"2521371","中嶋　五美","","","","","","","","","","","","","","","","","","","0","2521371","3","2","1","2","200070","","15:06:39","","2005/09/27 00:00:00","2005/09/27 00:00:00","0","0","","N",""
"2724152","三谷　敏美","","","","","","","","","","","","","","","","","","","0","2724152","3","2","1","2","200070","","15:01:22","","2005/09/29 00:00:00","2005/09/29 00:00:00","0","0","","N",""
"1257149","コマツ真岡工場","コマツ真岡工場","様","","","赤荻","様","","","","321-4346","栃木県真岡市松山町26番地","","","","","0285-84-4236","0285-82-8692","","1","1257149","3","2","1","2","190047","ｺﾏﾂﾓｵｶ","16:03:42","","2005/10/13 00:00:00","2006/02/16 00:00:00","0","0","","N","100149"
"1257142","コマツ粟津工場　補給部品行き","コマツ粟津工場　補給部品","様","","","","","","","","923-0392","大阪府枚方市上野３－１－１","購買部","経理課　　　　　　　　　　　　　　　御中","","Komatsu","0761-43-4720","0761-43-1149","","1","12571432","2","2","2","1","100009","ｺﾏﾂｱﾜﾂﾞﾎｷｭ","13:18:43","","2002/07/24 00:00:00","2005/07/15 00:00:00","1","0","","N","100149"
"1512532","青柳工業 株式会社","青柳工業㈱","御中","","資材グループ","高橋","様","","","","310-0004","茨城県水戸市青柳町６４４","","","","","029-225-2025","029-226-9692","","1","1512532","2","2","1","2","190047","ｱｵﾔｷﾞ","11:44:43","","2005/10/24 00:00:00","2005/10/24 00:00:00","0","0","1","N",""
"TOKUI","得意先","得意先","","","","","","","","","731-0138","","","","","","","","","1","TOKUI","1","1","1","1","100009","","08:55:23","","2002/07/24 00:00:00","2005/09/23 00:00:00","1","0","1","N",""
"13556680","酒井重工業株式会社　技術研究所","酒井重工業（株）技術研究所","様","","","古茂田","様","","","","349-1125","埼玉県北葛城郡栗橋町大字高柳2626","","","","","0480-52-6131","","","1","13556677","2","2","2","1","190117","ｻｶｲ ｼﾞｭｳｺｳ","14:36:05","","2005/12/21 00:00:00","2005/12/21 00:00:00","1","0","","N",""
"1624110A","日立建機株式会社　中型荷受　　沼本　様","中型荷受","様","","","","","","","","","茨城県土浦市神立町650","","","","","","","","1","1624110A","3","2","1","2","100009","","12:57:21","","2003/10/20 00:00:00","2003/12/19 00:00:00","1","0","","S",""
"1225314","株式会社　協和製作所","㈱協和製作所","御中","Kyowa　Metal　Co.,　Ltd","建機事業業務部購買","高瀬","様","","","","321-4346","栃木県真岡市松山町18番2","","","","Komatsu","0285-83-1125","0285-83-1126","","3","1225314","1","2","1","1","100046","ｷｮｳﾜ","14:12:45","","2005/05/26 00:00:00","2016/07/25 00:00:00","4","0","1","N","100149"
"1243542","リズム株式会社","リズム㈱","御中","Rhythm Watch","組立課","二宮","様","","","","965-0844","福島県会津若松市門田町一ノ堰字土手外168","","","","","0242-85-7042","0242-8-7043","","1","1243542","2","2","1","1","300137","ﾘｽﾞﾑ","16:21:01","","2005/12/05 00:00:00","2021/05/12 00:00:00","0","0","1","N",""
"1624111C","日立建機株式会社　部品事業部　龍ヶ崎部品センタ","日立建機㈱　龍ヶ崎部品センタ","御中","Hitachi Ryugasaki Parts Center","龍ヶ崎部品センタ","松永","様","","","","3018501","茨城県竜ヶ崎市３番地","","","","Hitachi","0297-62-5714","0297-64-2559","","1","1624111","3","2","1","1","100057","ﾘｭｳｶﾞｻｷ","09:09:04","","2005/11/24 00:00:00","2010/04/13 00:00:00","1","0","1","S","100115"
"STEST00","PT. BANSHU ELECTRIC INDONESIA","PT. BANSHU ELECTR","様","","","","","","","","000","JL.JABABEKA VI BLOCK U-9B","BEKASI 17530 INDONEIAS","","","","62-21-893-4777","62-21-893-4776","","22","STEST00","3","2","2","1","100009","BEI","17:13:26","","2005/12/05 00:00:00","2005/12/05 00:00:00","1","0","","N",""
"18341526","コベルコ建機㈱部品センター","コベルコ建機㈱部品セン","様","Kobelco Parts Center","","","","","","","674-0063","明石市大久保町八木740","","","","Kobelco","078-936-1333","078-936-1340","","3","18341526","3","2","2","2","300137","ｺﾍﾞﾙｺｸﾚｰﾝ","14:30:44","","2004/03/22 00:00:00","2026/05/14 13:27:54","1","0","1","N","100110"
"2199453","安藤　智子","安藤　智子","","","","","","","","","","","","","","","","","","0","2199453","3","2","1","2","200070","","16:19:11","","2004/10/06 00:00:00","2004/10/12 00:00:00","0","0","","N",""
"1257151","コマツユーティリティ株式会社","コマツユーティリティ㈱","御中","","","","","","","","107-0052","東京都港区赤坂２－３－４","","","","","03-","03-","","1","1257150","0","1","1","1","190107","ｺﾏﾂﾕｰﾃｨﾘﾃｨ","15:57:57","","2005/10/31 00:00:00","2007/04/03 00:00:00","1","0","","N",""
"1257152","コマツ栃木工場　補給部品","コマツ栃木工場　補給部品","御中","","","谷口","様","","","","323-8567","栃木県小山市横倉新田110","","","","","08034791295","0285-28-8541","","1","1257150","1","1","1","1","100046","ｺﾏﾂﾕｰﾃｨﾘﾃｨ","17:19:56","","2005/11/18 00:00:00","2015/11/18 00:00:00","6","0","","N","100149"
"1253115","共和産業株式会社　本社工場","共和産業㈱","御中","","","陳","様","","","","924-0011","石川県白山市横江町1726番地6","","","","","076-276-2141","076-276-2654","","1","1253115","2","2","1","1","9982","ｷｮｳﾜｻﾝｷﾞｮｳ","09:02:56","","2005/12/07 00:00:00","2006/03/15 00:00:00","0","0","","N",""
"1633215","株式会社　フジタ","フジタ","","","機械部　（飯能分室）","渡部","","","","","357-0036","埼玉県飯能市南町11-30","","","","","0429-75-7035","0429-74-7575","","0","1633215","2","2","1","2","190047","ﾌｼﾞﾀ","14:51:42","","2004/05/07 00:00:00","2004/05/07 00:00:00","0","0","1","N",""
"1231421","テクノマテリアル","テクノマテリアル","","","","","","","","","","","","","","","","","","0","1231421","3","2","1","2","190047","","14:43:23","","2004/05/07 00:00:00","2004/05/07 00:00:00","0","0","","N",""
"1257155","株式会社　センテック","㈱　センテック","御中","Sentic","","","","","","","573-1131","大阪府枚方市高野道","","","","","0728678020","0728678012","","1","1257155","0","1","1","1","100093","ｾﾝﾃｯｸ","14:25:45","","2004/10/05 00:00:00","2014/01/31 00:00:00","1","0","","N",""
"2332281","杉山　有仲美","杉山　有仲美","","","","","","","","","","","","","","","","","","0","2332281","3","2","1","2","200070","","16:07:08","","2004/10/08 00:00:00","2004/10/08 00:00:00","0","0","","N",""
"2219931","神崎　絹子","神崎　絹子","","","","","","","","","","","","","","","","","","0","2219931","3","2","1","2","200070","","16:10:02","","2004/10/13 00:00:00","2004/10/13 00:00:00","0","0","","N",""
"2553445","野瀬　豊子","野瀬　豊子","","","","","","","","","","","","","","","","","","0","2553445","3","2","1","2","200070","","16:10:27","","2004/10/08 00:00:00","2004/10/08 00:00:00","0","0","","N",""
"233232","㈱九州共販","㈱九州共販","","","","岩本","","","","","851-03","長崎県西彼郡香焼町3021-22","","","","","0958-71-2733","0958-71-2717","","1","233232","1","2","1","1","100011","ｶﾌﾞ ｷｭｳｼｭｳ","14:45:45","","2004/12/01 00:00:00","2004/12/15 00:00:00","0","0","","N",""
"155333","㈱トノックス","㈱トノックス","御中","Tonox","業務部","二石(ﾌﾀﾂｲｼ）","様","","","","254-0021","神奈川県平塚市長瀞２番６号","","","","","0463-23-2528","0463-23-5569","","3","155333","1","2","1","1","100046","ﾄﾉｯｸｽ","11:08:18","","2005/04/11 00:00:00","2008/11/28 00:00:00","2","0","1","N",""
"1534125","アロー電子工業株式会社","アロー電子工業","様","","中日本営業部　大阪営業所","田中","様","","","","538-0044","大阪市鶴見区放出東3-30-20","","","","","06-6961-0325","06-6961-1199","","1","1534125","1","2","1","1","190047","ｱﾛｰﾃﾞﾝｼ","10:52:41","","2005/03/03 00:00:00","2005/03/03 00:00:00","0","0","","N",""
"9000001","原因元不明","原因元不明","","","","","","","","","","","","","","","","","","0","9000001","3","1","2","2","190153","","10:56:58","","2008/12/08 00:00:00","2008/12/08 00:00:00","0","0","","N",""
"9000002","ユーザー取り消し","ユーザー取り消し","","","","","","","","","","","","","","","","","","0","9000002","3","1","2","2","190153","","10:57:49","","2008/12/08 00:00:00","2008/12/08 00:00:00","0","0","","N",""
"F02003","コマツ","","","","","","","","","","","","","","","","","","","0","F02003","3","2","1","2","100018","","10:27:44","","2008/12/09 00:00:00","2008/12/09 00:00:00","0","0","","N",""
"F02004","東加古川","","","","","","","","","","","","","","","","","","","0","F02004","3","2","1","2","100018","","10:32:24","","2008/12/09 00:00:00","2008/12/09 00:00:00","0","0","","N",""
"1257133","株式会社小松電業所　小山工場","㈱小松電業所　小山工場","御中","Komatsu System Comp","","本田殿　柳田殿","","","","","3230158","栃木県小山市梁2075-1","","","","Komatsu","0285-49-3236","0285-49-3237","","3","1257133","2","2","1","1","300137","ｺﾏﾂﾃﾞﾝｷﾞｮｳ","15:32:01","","2009/01/28 00:00:00","2014/11/20 00:00:00","2","0","1","N",""
"2312541","株式会社　ワイスペック","㈱ワイスペック","","","","","","","","","683-0851","米子市夜見町2509-1","","","","","0859-21-8402","0859-21-8403","","1","2312541","3","2","1","2","300137","ﾜｲｽﾍﾟｯｸ","12:35:47","","2009/11/19 00:00:00","2020/05/08 00:00:00","1","0","","N",""
"1724601K","株式会社イチネンアクセス","㈱イチネンアクセス（加藤）","御中","MIZUHO AUTOMOBILE INDUSTRIAL CO.,LTD  KATO","建機部","加藤様","","","","","108-0073","東京都港区三田三丁目１３番１６号　三田43MTﾋﾞﾙ15階","","","","Mizuho","03-5484-6382","03-5484-6383","","2","1724601K","2","2","2","1","100107","ｱｸｾｽ","14:02:29","","2010/03/22 00:00:00","2022/04/04 00:00:00","6","0","1","N","100110"
"1475264","富永物産　株式会社","富永物産㈱","御中","","","","","経理部","坂本","様","103-0023","東京都中央区日本橋本町2-6-3","","","","","03-3639-5320","03-3639-5360","","0","1475264","3","2","1","2","300137","ﾄﾐﾅｶﾞﾌﾞｯｻﾝ","10:01:38","","2011/05/30 00:00:00","2011/06/02 00:00:00","0","0","","N",""
"1319983","株式会社　サンヨー","㈱サンヨー","御中","Sanyo","","","","","","","564-0051","大阪市吹田市豊津町３１番16号","","","","","06-6330-1001","06-6330-1182","","3","1319983","2","2","1","1","100046","ｻﾝﾖｰ","13:44:53","","2011/09/08 00:00:00","2026/04/14 00:00:00","4","0","","N","100149"
"1221322","加賀産業株式会社","加賀産業㈱","御中","KAGA SANGYO CO.,LTD","","喜多","様","","","","922-0304","石川県加賀市分校町に51番","","","","Komatsu","0761-74-3993","0761-74-3994","","2","1221322","3","2","1","2","100046","ｶｶﾞｻﾝｷﾞｮｳｶ","14:13:32","","2008/09/09 00:00:00","2016/07/25 00:00:00","5","0","1","N","100149"
"1644144","常陸電装株式会社　832","常陸電装㈱","御中","","","沼尻","様","","","","3000065","茨城県土浦市東並木町3295","東京都台東区東上野３丁目２１番９号","","","","029-822-2441","","","2","1644144","3","2","1","2","300137","ﾋﾀﾁﾃﾞﾝｿｳ","14:57:56","","2008/10/27 00:00:00","2021/10/18 00:00:00","0","0","","N",""
"1257154","ｺﾏﾂｾﾞﾈﾗﾙｻｰﾋﾞｽ㈱","ｺﾏﾂｾﾞﾈﾗﾙｻｰﾋﾞｽ㈱","","","大阪支店　業務課","","","","","","5731011","大阪府枚方市上野3-1-1","","","","","072-840-6356","072-840-1698","","1","1257154","3","1","1","2","300137","ｺﾏﾂｾﾞﾈﾗﾙｻｰ","11:59:21","","2010/03/16 00:00:00","2011/03/24 00:00:00","1","0","","N",""
"1303140","三相電機　株式会社","三相電機㈱","御中","","","","","","","","671-2288","姫路市青山北一丁目１番１号","","","","","079-266-1200","079-266-1206","079-266-9737","1","1303140","3","2","1","1","300137","ｻﾝｿｳﾃﾞﾝｷ","10:28:25","","2010/04/07 00:00:00","2013/01/17 00:00:00","1","0","","N",""
"1296312","","","","","","","","","","","","","","","","","","","","0","1296312","3","2","1","2","300137","","15:02:44","","2010/04/07 00:00:00","2010/04/07 00:00:00","0","0","","N",""
"98765432","加藤製作所","加藤製作所","","","","","","","","","","","","","","","","","","14","98765432","3","2","1","2","100028","ｶﾄｳｾｲｻｸｼｮ","18:29:08","","2010/04/08 00:00:00","2010/04/08 00:00:00","2","0","","N",""
"1754321","マルマテクニカ株式会社","マルマテクニカ㈱","様","MARUMA TECHNICA CO., LTD","生産管理課","高見課長","","","","","485-0037","愛知県小牧市小針二丁目18番地","","","","","0568-77-3818","0568-72-5209","","2","1754321","1","2","2","1","300137","ﾏﾙﾏﾃｸﾆｶ","14:40:48","","2010/10/26 00:00:00","2019/03/11 00:00:00","0","0","1","N",""
"12811139","株式会社　共栄社","㈱共栄社","御中","Kyoueisya","品質部　購買課","木村様","","","","","442-8530","愛知県豊川市美幸町1丁目26番地","","","","KYOEISHA","0533-84-1223","0533-83-0689","","14","12811139","2","2","1","1","100025","ｷｮｳｴｲｼｬ","15:45:45","","2010/11/29 00:00:00","2013/10/25 00:00:00","3","0","1","N","100149"
"1311","","","","","","","","","","","","","","","","","","","","0","1311","3","2","1","2","300137","","10:31:01","","2011/04/12 00:00:00","2011/04/12 00:00:00","0","0","","N",""
"18341527","コベルコクレーン株式会社","コベルコクレーン株式会社","様","","","","","","","","674-0063","明石市大久保町八木740","","","","Kobelco","078-936-1333","078-936-1340","","2","18341526","3","1","2","2","100025","ｺﾍﾞﾙｺｸﾚｰﾝ","10:52:18","","2007/05/24 00:00:00","2008/11/27 00:00:00","1","0","","N","100110"
"2261950","小林縫製","","","","","","","","","","","","","","","","","","","0","2261950","3","2","1","2","100018","","13:49:05","","2007/08/17 00:00:00","2007/08/17 00:00:00","0","0","","N",""
"2210171","川間　栄子","","","","","","","","","","","","","","","","","","","0","2210171","3","2","1","2","100018","","16:49:44","","2007/06/07 00:00:00","2007/06/07 00:00:00","0","0","","N",""
"1817145","いすゞ自動車エンジン販売株式会社　川口事業所","いすゞ自動車エンジン販売㈱川口","御中","Yamato Engines","営業第1G","藤原","様","","","","〒333-0861","埼玉県川口市柳崎4-2-23","","","","Yamato","048-265-1170","048-265-2623","","1","1817145","1","2","1","2","100106","ｲｽｽﾞ","09:53:18","","2007/08/29 00:00:00","2021/05/24 00:00:00","10","0","1","N","100149"
"2312441","作田　幸子","","","","","","","","","","","","","","","","","","","0","2312441","3","2","1","2","100018","","13:45:53","","2007/09/14 00:00:00","2007/09/14 00:00:00","0","0","","N",""
"1257149H","コマツ真岡工場　補給部品","コマツ真岡工場　補給部品","様","","","熊切","様","","","","321-4346","栃木県真岡市松山町26番地","","","","","","","","0","1257149H","2","1","2","1","100032","ｺﾏﾂﾓｳｶｺｳｼﾞ","08:54:31","","2008/08/26 00:00:00","2008/08/26 00:00:00","0","0","","N","100149"
"1928513","㈱　菱和","㈱　菱和","御中","","","堅山","様","","","","531-0071","大阪市福島区福島6丁目13-14","","","","","06-6458-3608","06-6451-9252","","3","1928513","1","2","1","2","100025","ﾘｮｳﾜ","16:00:07","","2008/08/19 00:00:00","2008/08/19 00:00:00","0","0","","N",""
"18341528","コベルコ建機㈱沼田第二倉庫","コベルコ建機㈱沼田第二倉庫","様","","","","","","","","731-3161","広島市安佐南区沼田町伴5559-1","","","","","082-848-2199","082-848-2199","","3","18341528","1","1","2","1","100025","ｺﾍﾞﾙｺｹﾝｷ","10:23:55","","2007/05/24 00:00:00","2007/06/25 00:00:00","2","0","","N",""
"15612586","日本ニューマチック工業㈱東大阪","日本ニューマチック工業㈱","御中","","","","様","","","","578-0984","東大阪市菱江2丁目5番43号","","","","","072-963-1580","072-963-1586","","1","15612587","2","2","1","1","100028","ﾆﾎﾝﾆｭｰﾏﾁｯｸ","13:19:44","","2007/10/30 00:00:00","2007/10/30 00:00:00","0","0","","N",""
"F1800","日立","","","","","","","","","","","","","","","","","","","0","F1800","3","2","1","2","100018","","13:06:11","","2008/12/09 00:00:00","2008/12/09 00:00:00","0","0","","N",""
"1257143w","コマツ六甲工場(関西荷造工業㈱　六甲工場)","コマツ六甲","御中","","六甲物流課","片岡","様","","","","","兵庫県神戸市東灘区向洋町3-1-4","関西荷造工業㈱六甲工場内   コマツ物流六甲物流課　池島様","","","","078-856-7691","078-856-7692","","1","1257143","2","1","2","1","100032","ｺﾏﾂﾛｯｺｳ","09:46:07","","2009/03/06 00:00:00","2009/03/06 00:00:00","1","0","","N",""
"12345678","住友建機㈱","住友建機㈱","","","","","","","","","263-0001","千葉市稲毛区長沼原町731番地１","","","","","043-420-1506","043-420-1584","","2","12345678","1","2","1","1","100028","","09:34:18","","2010/02/12 00:00:00","2010/02/12 00:00:00","7","0","","N",""
"14752643","富永物産株式会社","富永物産株式会社","","Tominaga","エンジン事業部","伊藤様","","","","","671-1132","兵庫県姫路市大津区勘兵衛町1-158","103-0023　東京都中央区日本橋本町2-6-3　小津ビル","","","","079-236-8686","079-239-0224","","1","14752643","1","2","1","1","100025","トﾐ","18:02:05","","2010/06/07 00:00:00","2011/02/23 00:00:00","7","0","","N",""
"2000003","四川成都成工工程机械股?有限公司","四川成都成工","御中","","","","","","","","","成都経済技術開発区洪河中路1号","","","","","0086-28-8295-9813","0086-28-8295-9977","","22","2000003","3","2","2","1","300137","","10:32:24","","2011/07/25 00:00:00","2011/07/25 00:00:00","1","0","","N",""
"2000002","PT.BANSHU ELECTRIC","PT.BANSHU ELECTRI","御中","","","","","","","","","","","","","","","","","22","2000002","3","2","2","1","300137","","14:47:01","","2011/04/18 00:00:00","2011/04/18 00:00:00","1","0","","N",""
"2000005","PT.ASKARA　INTERNAL","PT.ASKARA","","","","","","","","","","Duta Permai Block F No.1","Jakasampurna,Bekasi","17145　INDONESIA","","","","","","22","2000005","3","2","2","1","300137","ｱｽｶﾗ","10:33:53","","2011/08/31 00:00:00","2017/08/03 00:00:00","1","0","","N",""
"1303141","","","","","","","","","","","","","","","","","","","","0","1303141","3","2","1","2","300137","","15:17:03","","2011/09/08 00:00:00","2011/09/08 00:00:00","0","0","","N",""
"18341532","コベルコ建機㈱五日市工場（中型組立棟北）","ｺﾍﾞﾙｺ建機㈱五日市工場（中型北","様","","","兼近","","","","","731-5161","広島市佐伯区五日市港2丁目2","","","","","082-9436751","082-943-6752","","3","18341528","1","1","2","1","100025","ｺﾍﾞﾙｺｹﾝｷ","18:14:18","","2012/04/23 00:00:00","2012/05/07 00:00:00","2","0","","N",""
"2639533","プロスパー","","","","","","","","","","","","","","","","","","","0","2639533","3","2","1","2","100018","","15:13:42","","2007/11/28 00:00:00","2007/11/28 00:00:00","0","0","","N",""
"115235","山九㈱ポートアイランド輸出入センター","山九㈱ポートアイランド","","","ヘイ","","","","","","650-0045","兵庫県神戸市中央区港島7-13","","","","","078-302-0981","","","3","11523","3","2","1","2","100025","ｻﾝｷｭｳ","17:21:21","","2008/04/07 00:00:00","2008/04/07 00:00:00","0","0","","N",""
"1714814","松山株式会社","松山㈱","御中","Matuyama","資材部　資材課","竹内","様","","","","386-0497","長野県上田市塩川5155","","","","Matuyama","0268-42-7500","0268-42-7520","","3","1714814","3","2","1","1","100105","ﾏﾂﾔﾏｶﾌﾞｼｷｶ","13:11:07","","2008/04/17 00:00:00","2024/11/05 00:00:00","2","0","1","N","100070"
"1231535","共和産業株式会社　本社工場","共和産業㈱","御中","","","陳","様","","","","924-0011","石川県白山市竹松町2810番地","","","","","076-276-2141","076-276-2654","","1","1253115","2","2","1","1","100025","ｷｮｳﾜｻﾝｷﾞｮｳ","10:44:16","","2007/11/16 00:00:00","2012/07/27 00:00:00","0","0","","N",""
"1431533","津久田工業株式会社","津久田工業㈱","様","Tukuda Kogyou","","","","","","","731-1523","広島県山県郡北広島町南方3702","","","","","0826-72-5322","0826-72-5773","","3","1431533","1","2","2","1","100025","ﾂｸﾀﾞｺｳｷﾞｮｳ","15:49:08","","2007/11/16 00:00:00","2008/01/10 00:00:00","4","0","1","N",""
"1","","","","","","","","","","","","","","","","","","","","0","1","3","2","1","2","290052","","16:10:27","","2007/11/19 00:00:00","2007/11/19 00:00:00","0","0","","N",""
"1410312","大和精工株式会社","大和精工㈱","御中","Daiwa Sekou","","御子神・谷岡","様","","","","578-0921","大阪府東大阪市水走2丁目2番27号","","","","DaiwaSekou","072-962-1481","072-962-1476","072-962-1559","2","1410312","3","2","1","2","300137","ﾀﾞｲﾜｾｲｺｳ","10:24:08","","2008/06/20 00:00:00","2019/12/12 00:00:00","2","0","1","N","100115"
"1500","","","","","","","","","","","","","","","","","","","","0","1500","3","2","1","2","100043","","16:27:01","","2008/04/02 00:00:00","2008/04/02 00:00:00","0","0","","N",""
"S1500","","","","","","","","","","","","","","","","","","","","0","S1500","3","2","1","2","100043","","16:27:07","","2008/04/02 00:00:00","2008/04/02 00:00:00","0","0","","N",""
"1274228","コマツ研究本部","コマツ研究本部","様","","企画管理室　購買Ｇｒ","河田","様","","","","254-8567","神奈川県平塚市万田1200","","","","","0463-35-9209","0463-35-9100","","1","1274228","3","2","2","1","300137","","14:33:37","","2008/12/16 00:00:00","2008/12/16 00:00:00","0","0","","N",""
"11233253","川重商事株式会社","川重商事㈱","","","","","","","","","673-0016","明石市松の内２丁目６番地の８（西明石スポットビル5F）","","","","","078-922-2645","078-922-7001","","1","11233253","1","2","1","2","300137","ｶﾜｼﾞｭｳｼｮｳｼ","10:41:02","","2009/06/30 00:00:00","2012/11/26 00:00:00","1","0","","N",""
"18341529","コベルコ建機㈱五日市工場","コベルコ建機㈱五日市工場","御中","","購買部","廣澤","様","","","","731-5161","広島市佐伯区五日市港2丁目2-1","","","","","082-9436751","082-943-6752","","3","18341528","1","1","2","1","100025","ｺﾍﾞﾙｺｹﾝｷ","14:17:22","","2010/05/12 00:00:00","2012/10/16 00:00:00","2","0","","N",""
"18341530","コベルコシンワ（株）　祇園倉庫","コベルコシンワ（株）　祇園倉庫","様","","","川崎工場長","","","","","731-0138","広島市安佐南区祇園3-20-30","","","","","082-850-2467","082-850-2468","","3","18341528","1","2","2","1","199999","ｼﾝﾜ","17:00:45","","2010/08/31 00:00:00","2014/09/25 00:00:00","2","0","","N",""
"1311311","株式会社ﾃﾞﾝｿｰｴｱｸｰﾙ","㈱デンソーエアクール","御中","","調達部　調達室","本田","様","","","","399-8386","長野県安雲野市穂高北穂高2027-9","","","","","0263-81-1100","0263-73-8538","","3","1311311","1","2","1","1","300137","ﾃﾞ","11:12:52","","2011/04/12 00:00:00","2019/01/09 00:00:00","2","0","1","N","100149"
"2000004","PT. BANSHU PLASTIC INDONESIA","RSN(BPI)","様","","","","","","","","","JL.JABABEKA XI BLOCK U-12","BEKASI 17530 INDONEIAS","","","","","","","22","2000004","3","2","2","1","300137","BEI","10:28:54","","2011/08/23 00:00:00","2012/01/12 00:00:00","1","0","","N",""
"1228413","共栄産業　株式会社","共栄産業㈱","御中","","","","","","","","","","","","","","","","","2","1228413","2","2","2","2","300137","","14:35:01","","2011/09/14 00:00:00","2011/09/14 00:00:00","1","0","","N",""
"1624101","株式会社日立ハイテク　関西支店","㈱日立ハイテク","御中","Hitachi Hi Tech","","橋本　圭史","","","","","5320003","大阪市淀川区宮原3-3-31上村ニッセイビル","","","","Hitachi","050-3139-4875","06-4807-2516","","2","1624101","2","2","2","1","300137","ﾋﾀﾁﾊｲﾃｸ","13:37:12","","2012/02/24 00:00:00","2021/04/08 00:00:00","1","0","","S",""
"18341531","コベルコ建機㈱五日市工場（中小型ﾗｲﾝ）","ｺﾍﾞﾙｺ建機㈱五日市工場（中小型","様","","","兼近","","","","","731-5161","広島市佐伯区五日市港2丁目2-1","","","","","082-9436751","082-943-6752","","3","1624100","1","1","2","1","300137","ｺﾍﾞﾙｺｹﾝｷ","14:33:24","","2012/04/05 00:00:00","2019/12/02 00:00:00","2","0","","N",""
"1247147","","","","","","","","","","","","","","","","","","","","0","1247147","3","2","1","2","100011","","12:04:10","","2008/01/10 00:00:00","2008/01/10 00:00:00","0","0","","N",""
"1257148N","コマツ物流㈱　西日本事業部","コマツ物流㈱　西日本事業部","御中","","六甲物流課","池島","様","","","","658-0033","神戸市東灘区向洋町西4-6","","","","","078-856-7691","078-856-7692","","2","1257148N","3","2","1","1","100046","","09:59:06","","2008/06/04 00:00:00","2021/04/21 00:00:00","5","0","","N","100149"
"1259111","マツモト綱販","マツモト綱販","","Matsumoto","営業部","上前様 ｳｴﾏｴ","","","","","538-0037","大阪市鶴見区焼野1-8-6","","","","","06-6913-1131","06-6913-1130","","0","1259111","3","2","1","2","500010","ﾏﾂﾓﾄｺｳﾊﾝ","11:46:31","","2008/01/21 00:00:00","2012/11/29 00:00:00","0","0","","N",""
"15612587","日本ニューマチック工業㈱","日本ニューマチック工業㈱","御中","","営業企画部","鳥居","様","","","","518-0605","三重県名張市八幡1300-80","","","","","0595-64-5710","0595-64-5714","","1","15612587","2","2","1","1","300137","ﾆﾎﾝﾆｭｰﾏﾁｯｸ","14:36:07","","2007/10/30 00:00:00","2023/09/11 00:00:00","0","0","","N",""
"2142217","江頭　貴梅","","","","","","","","","","","","","","","","","","","0","2142217","3","2","1","2","100018","","16:50:13","","2007/06/07 00:00:00","2007/06/07 00:00:00","0","0","","N",""
"2127173","今村　亮太","","","","","","","","","","","","","","","","","","","0","2127173","3","2","1","2","100018","","15:47:54","","2007/08/08 00:00:00","2007/08/08 00:00:00","0","0","","N",""
"1257153","株式会社小松電業所","小松電業所（電業ｼｽﾃﾑ）","様","Komatsu Dengyo CO.,LTD","管理部　本谷殿","竹川","","","","","923-8588","石川県小松市国府台5-20","","","","Komatsu D","0761-47-8080","0761-47-8089","","3","1257153","2","2","1","1","100046","ｺﾏﾂﾃﾞﾝｷﾞｮｳ","13:38:12","","2007/08/10 00:00:00","2023/09/08 00:00:00","2","0","1","N","100149"
"1257149I","コマツ茨城工場","コマツ茨城工場","御中","Komatsu Ltd   Ibaraki Plant","","","","","","","312-0004","茨城県ひたちなか市長砂163-46","","","","Komatsu","029-265-2382","029-265-2359","","1","1257149I","3","2","2","2","100046","ｺﾏﾂｲﾊﾞﾗｷﾞ","13:58:05","","2008/11/05 00:00:00","2016/07/25 00:00:00","4","0","","N","100149"
"F02001","コベルコ","","","","","","","","","","","","","","","","","","","0","F02001","3","2","1","2","100018","","13:05:35","","2008/12/09 00:00:00","2008/12/09 00:00:00","0","0","","N",""
"BEI0003","BEI P-2 HE-Dom","P-2 HE-Dom","BEI","PT.BANSHU ELECTRIC INDONESIA","MCL P-2","WINDA","MS.","WIRING HARNESS","MATERIAL","FOR","41181","KP. CIKANANGA RT. 06/02","DESA CIKUMPAY, KECAMATAN CAMPAKA","KABUPATEN PURWAKARTA","41181 INDONESIA","","62-264-204444","62-264-214444","","3","BEI0010","3","2","1","2","100079","BANSHU","13:52:39","","2014/01/14 00:00:00","2024/07/24 00:00:00","0","0","","N",""
"1227582","協立電業　株式会社","協立電業㈱","御中","","","","","","","","532-0011","大阪市淀川区西中島7-1-26","","","","","06-6304-6341","06-6304-6345","","1","1227582","3","2","1","2","300137","ｷｮｳﾘﾂﾃﾞﾝｷﾞ","11:08:40","","2014/03/14 00:00:00","2014/03/14 00:00:00","1","0","","N",""
"181520S","(有)魚住重機商事","(有)魚住重機商事","御中","","","","","","","","6740071","兵庫県明石市魚住町金ヶ崎739","","","","","078-936-8880","","","1","181520S","1","2","1","2","300137","ｳｵｽﾞﾐ","11:20:01","","2013/11/07 00:00:00","2013/11/07 00:00:00","1","0","","N",""
"1801100S","ニシコン株式会社　神戸営業所","ニシコン㈱","御中","","","","","","","","651-2147","神戸市西区玉津町田中字田井367-1","","","","","078-929-1455","078-929-1445","","1","1801100S","3","2","1","2","300137","ﾆｼｺﾝ","13:12:41","","2014/05/23 00:00:00","2014/05/23 00:00:00","1","0","","N",""
"180460S","湊川産業㈱　長田営業所","湊川産業㈱長田","御中","","","","","","","","653-0045","兵庫県神戸市長田区駒々林南長２番の1","","","","","078-739-3090","078-733-1013","","2","180460S","3","2","1","2","300137","ﾐﾅﾄｶﾞﾜ","13:56:46","","2014/07/22 00:00:00","2014/08/25 00:00:00","2","0","","N",""
"12513741","神戸板金工業株式会社","神戸板金工業㈱","御中","","岩瀬","","","","","様","738-0002","広島県廿日市市木材港南1-53","","","","","0829-30-7621","0829-30-7623","","1","1251374","1","2","2","1","100025","ｺｳﾍﾞﾊﾞﾝｷﾝｺ","17:34:59","","2012/06/08 00:00:00","2012/06/08 00:00:00","1","0","","N",""
"1257157","コマツ物流㈱北関東物流センター","コマツ物流㈱北関東","様","","","","","","","","323-0819","栃木県小山市横倉新田470-3","","","","","","","","1","1257157","1","2","1","1","300137","ｺﾏﾂｷﾀｶﾝﾄｳ","15:00:15","","2013/01/30 00:00:00","2013/01/30 00:00:00","1","0","","N",""
"180105S","株式会社　ビナン","㈱ビナン","御中","","","","","","","","674-0083","兵庫県明石市魚住町住吉4丁目1-3","","","","","","078-941-2789","","1","180105S","2","2","2","1","300137","ﾋﾞﾅﾝ","10:32:30","","2013/08/30 00:00:00","2013/08/30 00:00:00","1","0","","N",""
"1803000","","","","","","","","","","","","","","","","","","","","0","1803000","3","2","1","2","300137","","14:56:30","","2013/08/26 00:00:00","2013/08/26 00:00:00","0","0","","N",""
"180117S","辻工業　株式会社","辻工業㈱","御中","","","","","","","","674-0067","兵庫県明石市大久保町大久保町320-4","","","","","078-935-6100","078-935-6102","","1","180117S","1","2","2","2","300137","ﾂｼﾞｺｳｷﾞｮｳ","10:39:03","","2013/08/30 00:00:00","2013/08/30 00:00:00","1","0","","N",""
"180112S","湊川産業㈱","湊川産業㈱","御中","","","","","","","","651-2142","兵庫県神戸市西区玉津町二ツ屋矢の脇130-1","","","","","078-914-0150","078-914-0170","","1","180112S","2","2","2","2","300137","ﾐﾅﾄｶﾞﾜﾀﾏﾂ","15:23:26","","2013/08/30 00:00:00","2014/07/22 00:00:00","1","0","","N",""
"1285134","共栄産業㈱","共栄産業㈱","御中","","","","","","","","1640011","東京都中野区中央2-9-1ｻﾝﾛｰﾀｽﾋﾞﾙ702号","","","","","0333711511","0333711517","","0","1285134","3","2","1","2","300137","ｷｮｳｴｲｻﾝｷﾞｮ","10:25:03","","2012/10/12 00:00:00","2012/10/24 00:00:00","0","0","","N",""
"1840256S","㈱リョーキ","㈱リョーキ","御中","","","","","","","","651-2313","兵庫県神戸市西区神出町田井字長原27","","","","","078-965-0905","078-965-0907","","1","1840256S","2","2","1","2","300137","ﾘｮｰｷ","10:57:00","","2013/08/30 00:00:00","2013/08/30 00:00:00","1","0","","N",""
"180118S","株式会社　藤田産業","㈱藤田産業","御中","","","","","","","","651-2403","兵庫県神戸市西区大沢2丁目4-6","","","","","078-967-1229","078-967-1201","","1","180118S","3","2","1","2","300137","ﾌｼﾞﾀｻﾝｷﾞｮｳ","14:14:39","","2013/08/30 00:00:00","2013/08/30 00:00:00","1","0","","N",""
"1840250S","山陽コールド運輸株式会社","山陽ｺｰﾙﾄﾞ運輸㈱","御中","","","","","","","","651-2124","兵庫県神戸市西区伊川谷町潤和堂後902-1","","","","","078-974-1011","078-974-8680","","1","1840250S","2","2","1","2","300137","ｻﾝﾖｳｺｰﾙﾄﾞ","14:11:57","","2013/08/30 00:00:00","2013/08/30 00:00:00","1","0","","N",""
"180119S","有限会社　ツジカ自動車","(有)ツジカ自動車","御中","","","","","","","","651-2135","兵庫県神戸市西区王塚台1丁目139","","","","","078-927-5885","078-928-5536","","1","180119S","3","2","1","2","300137","ﾂｼﾞｶｼﾞﾄﾞｳｼ","14:16:57","","2013/08/30 00:00:00","2013/08/30 00:00:00","1","0","","N",""
"1111111","","","","","","","","","","","","","","","","","","","","0","1111111","3","2","1","2","100062","","09:59:23","","2015/10/15 00:00:00","2015/10/15 00:00:00","0","0","","",""
"11111111","","","","","","","","","","","","","","","","","","","","0","11111111","3","2","1","2","100062","","10:02:05","","2015/10/15 00:00:00","2015/10/15 00:00:00","0","0","","",""
"18341537","広島相互運送会社　五日市物流センター","物流センター（相互）","様","","","","","","","","731-5161","広島市佐伯区五日市港2丁目3-5","","","","","082-943-5231","082-9435232","","3","18341528","1","1","2","1","100025","ｺﾍﾞﾙｺｹﾝｷ","14:16:08","","2012/08/31 00:00:00","2012/08/31 00:00:00","2","0","","N",""
"1840250","","","","","","","","","","","","","","","","","","","","0","1840250","3","2","1","2","300137","","15:09:54","","2013/08/26 00:00:00","2013/08/26 00:00:00","0","0","","N",""
"180100S","㈱ｸﾞﾛｰﾊﾞﾙﾒﾝﾃﾅﾝｽ","㈱ｸﾞﾛｰﾊﾞﾙﾒﾝﾃﾅﾝｽ","御中","","","","","","","","651-2142","兵庫県神戸市西区玉津町二ツ屋99-13","","","","","078-380-1420","078-380-1488","","2","180100S","1","2","1","2","300137","ｸﾞﾛｰﾊﾞﾙﾒﾝﾃ","11:30:44","","2013/08/26 00:00:00","2013/08/30 00:00:00","1","0","","N",""
"1333413","いすゞ自動車エンジン販売 株式会社","いすゞ自動車エンジン販売㈱","御中","","産エン西日本営業部","","","","","","5550041","大阪市西淀川区中島 2-10-150","","","","","06-6476-2737","06-6476-2751","","0","1333413","3","2","1","2","100071","ｲｽｽﾞｼﾞﾄﾞｳ","10:21:07","","2013/06/04 00:00:00","2013/12/09 00:00:00","0","0","","N",""
"180116S","スタジアス","スタジアス","御中","","","","","","","","651-2145","兵庫県神戸市西区宮下3丁目10-20","","","","","090-1905-5234","078-923-7339","","1","180116S","3","2","1","2","300137","ｽﾀｼﾞｱｽ","14:08:53","","2013/08/30 00:00:00","2013/08/30 00:00:00","1","0","","N",""
"1351325","総合自動車　株式会社","総合自動車㈱","御中","","","","","","","","670-0982","姫路市岡田484","","","","","0792-94-5068","0792-93-4738","","1","1351325","2","2","1","2","300137","ｿｳｺﾞｳｼﾞﾄﾞｳ","10:30:03","","2012/07/19 00:00:00","2012/07/19 00:00:00","2","0","","N",""
"1251332K","郷商事株式会社　建産機事業部　北関東営業グループ","郷商事㈱北関東営業Ｇ","御中","","建産機事業部　北関東営業Ｇ","宮城","様","","","","307-0001","茨城県結城市大字結城字上ノ宮10725-1","","","","","0296-32-0101","0296-32-5554","","2","1251332K","2","2","1","1","300137","ｺﾞｳｼｮｳｼﾞｷﾀ","11:16:24","","2013/06/27 00:00:00","2013/06/27 00:00:00","2","0","","N",""
"180101S","岡田自動車","岡田自動車","御中","","","","","","","","674-0067","兵庫県明石市大久保町大久保町449","","","","","078-936-0449","078-936-1919","","1","180101S","1","2","1","2","300137","ｵｶﾀﾞｼﾞﾄﾞｳｼ","11:41:57","","2013/08/30 00:00:00","2013/08/30 00:00:00","1","0","","N",""
"180103S","有限会社　フロンティア","(有)フロンティア","御中","","","","","","","","674-0083","兵庫県明石市魚住町住吉1丁目2-6","","","","","078-948-3335","078-948-3411","","1","180103S","3","2","1","2","300137","ﾌﾛﾝﾃｨｱ","13:00:55","","2013/08/30 00:00:00","2013/08/30 00:00:00","1","0","","N",""
"1840010","西日本ｺﾍﾞﾙｺ建機㈱神戸工場","西日本ｺﾍﾞﾙｺ建機㈱神戸工場","御中","","","","","","","","660-0086","兵庫県尼崎市丸島町46-1","","","","","06-6414-2200","06-6414-2211","","1","1840010","3","2","1","2","300137","ｺﾍﾞﾙｺﾆｼﾆﾎﾝ","14:40:01","","2013/08/30 00:00:00","2013/09/02 00:00:00","1","0","","N",""
"1840010S","西日本ｺﾍﾞﾙｺ建機株式会社　兵庫東営業所","西日本ｺﾍﾞﾙｺ建機㈱兵庫東営業所","御中","","","","","","","","650-0045","兵庫県神戸市中央区港島7丁目15番","","","","","078-303-4422","078-303-4420","","1","1840010S","3","2","1","2","300137","ﾆｼﾆﾎﾝｺﾍﾞﾙｺ","11:59:09","","2013/08/30 00:00:00","2021/03/31 00:00:00","1","0","","N",""
"180111S","㈱山忠商会","㈱山忠商会","御中","","","","","","","","673-0434","兵庫県三木市別所町小林675-5","","","","","079-485-9401","079-485-9403","","1","180111S","3","2","1","2","300137","ﾔﾏﾁｭｳｼｮｳｶｲ","13:12:43","","2013/08/30 00:00:00","2013/08/30 00:00:00","1","0","","N",""
"180113S","湊川産業㈱　垂水営業所","湊川産業㈱　垂水営業所","御中","","","","","","","","655-0852","兵庫県神戸市垂水区名谷町猿倉78","","","","","078-708-1001","078-706-3513","","1","180113S","3","2","1","2","300137","ﾐﾅﾄｶﾞﾜﾀﾙﾐ","13:15:05","","2013/08/30 00:00:00","2013/08/30 00:00:00","1","0","","N",""
"180104S","株式会社神戸マツダ　明石店","株式会社神戸マツダ　明石店","御中","","","","","","","","673-0031","明石市宮の上1-8","","","","","078-923-1475","078-923-0341","","1","180104S","3","2","1","2","300137","ｺｳﾍﾞﾏﾂﾀﾞ","13:20:31","","2013/08/30 00:00:00","2013/08/30 00:00:00","1","0","","N",""
"18341533","コベルコ建機㈱五日市工場（出荷棟）","ｺﾍﾞﾙｺ建機㈱五日市工場（出荷棟","様","","","兼近","","","","","731-5161","広島市佐伯区五日市港2丁目2","","","","","082-9436751","082-943-6752","","3","18341528","1","1","2","1","100025","ｺﾍﾞﾙｺｹﾝｷ","14:50:19","","2012/04/24 00:00:00","2012/04/24 00:00:00","2","0","","N",""
"18341535","コベルコ建機㈱五日市工場（製缶棟）","ｺﾍﾞﾙｺ建機㈱五日市工場（製缶棟","様","","","兼近","","","","","731-5161","広島市佐伯区五日市港2丁目2","","","","","082-9436751","082-943-6752","","3","18341528","1","1","2","1","100025","ｺﾍﾞﾙｺｹﾝｷ","15:32:32","","2012/07/03 00:00:00","2012/07/03 00:00:00","2","0","","N",""
"180102S","原田電装　株式会社","原田電装㈱","御中","","","","","","","","673-0025","兵庫県明石市田町1丁目8-8","","","","","078-923-3088","078-923-3383","","1","180102S","3","2","1","2","300137","ﾊﾗﾀﾞﾃﾞﾝｿｳ","11:59:38","","2013/08/30 00:00:00","2013/08/30 00:00:00","1","0","","N",""
"1801044S","株式会社神戸マツダ　大久保店","㈱神戸マツダ　大久保店","御中","","","","","","","","674-0066","明石市大久保町福田字中島209-1","","","","","078-934-3108","078-935-7086","","1","1801044S","3","2","1","2","300137","ｺｳﾍﾞﾏﾂﾀﾞｵｵ","13:24:13","","2013/08/30 00:00:00","2013/08/30 00:00:00","1","0","","N",""
"2000006","PT.BANSHU PLASTICINDONESIA","PT.BANSHU PLASTIC","御中","","","","","","","","","J1.JABABEKA XIV,BLOK U NO.12B","BEKASI17530 ,INDONESIA","","","","","","","22","2000006","3","2","1","1","300137","ﾌﾟﾗｽﾁｯｸ","13:08:35","","2015/03/20 00:00:00","2015/03/25 00:00:00","1","0","","N",""
"2000007","PT.BANSHU RUBBER INDONESIA","PT.BANSHU RUBBER","御中","","","","","","","","","CIKONANGE INDUSTRIAL ZONE,","CIKUMPAY,CAMPAKE,PURWAKARTA,","WEST JAVA,INDONESIA","","","","","","22","2000007","3","2","1","2","300137","ﾗﾊﾞｰ","13:08:18","","2015/03/20 00:00:00","2015/03/25 00:00:00","1","0","","N",""
"1227391","㈱木村洋行","㈱木村洋行","御中","","","小島","","","","様","100-0005","東京都千代田区丸の内3-3-1","新東京ビル606号","","","","03-3213-0258","03-3213-0470","","2","1227391","2","2","1","1","300137","ｷﾑ","11:37:12","","2015/03/24 00:00:00","2015/06/25 00:00:00","3","0","","N","100110"
"180830S","ＮＫメンテナンス株式会社","ＮＫメンテナンス㈱","御中","","","","","","","","6600085","兵庫県尼崎市元浜町1丁目74","","","","","06-6419-4471","06-6419-4474","","1","180830S","3","2","1","2","300137","ｴﾇｹｰﾒﾝﾃﾅﾝｽ","11:25:19","","2015/05/13 00:00:00","2015/05/13 00:00:00","1","0","","N",""
"18341540","コベルコシンワ（株）　中国","コベルコシンワ㈱　中国","様","","","","","","","","6470063","明石市大久保町八木597","","","","","078-936-8513","","","2","18341539","3","2","2","2","100025","ｺﾍﾞﾙｺｹﾝｷ","18:33:00","","2015/06/19 00:00:00","2015/06/19 00:00:00","2","0","","N",""
"18341541","コベルコシンワ㈱廿日市工場","コベルコシンワ㈱廿日市工場","様","","","","","","","","738-0021","廿日市市木材港北5-31","","","","","082-932-4242","","","2","18341541","3","2","2","2","300137","ｺﾍﾞﾙｺｹﾝｷ","14:17:44","","2015/06/19 00:00:00","2022/08/19 00:00:00","2","0","","N",""
"18341543","コベルコシンワ㈱インド","コベルコシンワ㈱インド","様","","","","","","","","6470063","明石市大久保町八木597","","","","","078-936-8513","","","2","18341539","3","2","2","2","100025","ｺﾍﾞﾙｺｹﾝｷ","10:44:11","","2015/06/24 00:00:00","2015/06/24 00:00:00","2","0","","N",""
"18341542","広島金属工業協同組合「コベルコ建機㈱沼田部品倉庫キャブライン","コベルコ建機㈱沼田広金キャブ","様","","","","","","","","731-3167","広島市安佐南区大塚西2丁目23-1","","","","","080-2932-9745","","","2","18341539","3","2","2","2","100025","ｺﾍﾞﾙｺｹﾝｷ","16:31:22","","2015/06/22 00:00:00","2015/06/22 00:00:00","2","0","","N",""
"1817146","デンヨー㈱","デンヨー㈱","","DENYO","製造部管理課","秋山","様","","","","919-1397","福井県三方上中郡若狭町相田38-1","","","","","0770-45-2211","0770-45-9010","","0","1817146","1","2","1","2","100106","ﾃﾞﾝﾖ","11:28:50","","2015/07/02 00:00:00","2020/05/26 00:00:00","0","0","","N",""
"1801045S","株式会社神戸マツダ　小野店","㈱神戸マツダ　小野店","御中","","","","","","","","675-1378","小野市王子町字辻の内598","","","","","079-462-4981","079-463-3724","","1","1801045S","3","2","1","2","300137","ｺｳﾍﾞﾏｵﾉ","13:27:27","","2013/08/30 00:00:00","2013/08/30 00:00:00","1","0","","N",""
"180107S","㈱ｵｰﾄﾌｧｸﾄﾘｰ好美","㈱ｵｰﾄﾌｧｸﾄﾘｰ好美","御中","","","","","","","","674-0067","兵庫県明石市大久保町大久保町680-1","","","","","078-935-0516","078-935-4335","","1","180107S","3","2","1","2","300137","ｵｰﾄﾌｧｸﾄﾘｰ","13:30:03","","2013/08/30 00:00:00","2013/08/30 00:00:00","1","0","","N",""
"180106S","株式会社ｵｰﾄｼｮｯﾌﾟ新星","㈱ｵｰﾄｼｮｯﾌﾟ新星","御中","","","","","","","","674-0071","兵庫県明石市魚住町金ヶ崎375-1","","","","","078-938-6805","078-938-6806","","1","180106S","3","2","1","2","300137","ｵｰﾄｼｮｯﾌﾟｼﾝ","13:43:57","","2013/08/30 00:00:00","2013/08/30 00:00:00","1","0","","N",""
"180108S","株式会社ｱｲﾁｺｰﾎﾟﾚｰｼｮﾝ","㈱ｱｲﾁｺｰﾎﾟﾚｰｼｮﾝ","御中","","","","","","","","651-2124","兵庫県神戸市西区伊川谷町潤和973","","","","","078-974-1231","078-974-6508","","1","180108S","3","2","1","2","300137","ｱｲﾁｺ","14:43:20","","2013/08/30 00:00:00","2013/08/30 00:00:00","1","0","","N",""
"180109S","福栄運輸株式会社","福栄運輸㈱","御中","","","","","","","","674-0093","兵庫県明石市二見町南二見16-9","","","","","078-941-1600","078-941-2600","","1","180109S","3","2","1","2","300137","ﾌｸｴｲｳﾝﾕ","13:49:56","","2013/08/30 00:00:00","2013/08/30 00:00:00","1","0","","N",""
"18341534","コベルコ建機㈱五日市工場（ＧＥＣ先行技術ｾﾝﾀー）","ｺﾍﾞﾙｺ建機㈱五日市工場（GEC","様","","","兼近","","","","","731-5161","広島市佐伯区五日市港2丁目2","","","","","082-9436751","082-943-6752","","3","18341528","1","1","2","1","100025","ｺﾍﾞﾙｺｹﾝｷ","14:12:06","","2012/04/25 00:00:00","2012/04/25 00:00:00","2","0","","N",""
"18341536","広島相互運送会社　五日市物流センター","物流センター（相互）","様","","","","","","","","731-5161","広島市佐伯区五日市港2丁目3-5","","","","","082-943-5231","082-9435232","","3","18341528","1","1","2","1","100025","ｺﾍﾞﾙｺｹﾝｷ","15:00:40","","2012/08/27 00:00:00","2012/08/27 00:00:00","2","0","","N",""
"18341539","コベルコシンワ（株）　祇園倉庫","コベルコシンワ（株）　祇園倉庫","様","","","","","","","","731-0138","広島市安佐南区祇園3-20-30","","","","","082-850-2467","","","2","18341539","3","2","2","2","100025","ｺﾍﾞﾙｺｹﾝｷ","13:09:57","","2015/03/10 00:00:00","2015/03/10 00:00:00","2","0","","N",""
"18341538","コベルコ沼田工場","コベルコ沼田工場","御中","","","","","","","","","","","","","","","","","1","18341538","3","2","1","2","300137","ｺﾍﾞﾙｺﾇﾏﾀ","10:10:52","","2015/07/17 00:00:00","2015/07/17 00:00:00","1","0","","N",""
"1644155","IHI建機　株式会社","IHI建機㈱","御中","","調達グループ","","","","","","2368611","神奈川県横浜市金沢区昭和町3174","","","","","045-771-1355","045-771-1831","","1","1644155","3","2","1","2","300137","ｱｲｴｲﾁｱｲ","15:16:29","","2015/03/19 00:00:00","2015/03/19 00:00:00","1","0","","N",""
"1411321","有限会社テクネット","（有）テクネット","御中","","","","","","前田","様","5780941","大阪府東大阪市岩田町５丁目２－３０","","","","","072-963-6291","072-963-6292","","1","1411321","3","2","1","2","300137","ﾃｸﾈｯﾄ","13:24:03","","2015/07/28 00:00:00","2015/07/28 00:00:00","1","0","","N",""
"18341544","コベルコシンワ㈱木材港","コベルコシンワ㈱木材港","様","","","","","","","","7380002","廿日市市木材港南1番53号","","","","","0829-34-0021","","","3","18341544","3","1","2","2","100025","ｺﾍﾞﾙｺｹﾝｷ","14:09:37","","2015/08/11 00:00:00","2016/06/27 00:00:00","2","0","","N",""
"BEI0004","BPI","BPI","BPI","PT.BANSHU PLASTIC INDONESIA","","YITNO","MR.","WIRING HARNESS","TOOL","FOR","17530","JL.JABABEKA XIV BLOK J-12B","CIKARANG INDUSTRIAL ESTATE","CIKARANG, BEKASI","17530 INDONESIA","","21-8934895","21-8983449","","3","BEI0004","3","2","1","2","100079","BANSHU","11:55:38","","2015/08/24 00:00:00","2020/08/19 00:00:00","0","0","","N",""
"BEI0005","BRI","BRI","BRI","PT.BANSHU RUBBER INDONESIA","","YITNO","MR.","WIRING HARNESS","TOOL","FOR","41181","CIKANANGA INDUSTRIAL ZONE","DESA CIKUMPAY, KECAMATAN CAMPAKA","KABUPATEN PURWAKARTA","41181 INDONESIA","","62-264-204444","62-264-214444","","3","BEI0005","3","2","1","2","100079","BANSHU","11:58:03","","2015/08/24 00:00:00","2020/08/19 00:00:00","0","0","","N",""
"BEI0006","BEI P-2 Tool","P-2 Tool","BEI","PT.BANSHU ELECTRIC INDONESIA","MCL P-2","WINDA","MS.","WIRING HARNESS","TOOL","FOR","41181","KP. CIKANANGA RT. 06/02","DESA CIKUMPAY, KECAMATAN CAMPAKA","KABUPATEN PURWAKARTA","41181 INDONESIA","","62-264-204444","62-264-214444","","3","BEI0010","3","2","1","2","100079","BANSHU","13:53:15","","2015/09/18 00:00:00","2024/07/24 00:00:00","0","0","","",""
"1251375","キャタピラージャパン合同会社","キャタピラージャパン(同）","御中","","","","","","","","6748686","兵庫県明石市魚住町清水1106-4","","","","","078-556-6286","078-943-0759","","2","1251375","3","2","1","2","300137","ｷｬﾀﾋﾟﾗｰ","10:39:11","","2015/09/18 00:00:00","2017/04/03 00:00:00","1","0","1","","100115"
"180110S","三共自動車株式会社","三共自動車","御中","","","","","","","","651-2131","兵庫県神戸市西区持子1丁目19","","","","","078-929-1298","078-929-1399","","1","180110S","3","2","1","2","300137","ｻﾝｷｮｳｼﾞﾄﾞｳ","13:52:59","","2013/08/30 00:00:00","2013/08/30 00:00:00","1","0","","N",""
"180114S","株式会社ｶﾞﾘﾊﾞｰｲﾝﾀｰﾅｼｮﾅﾙ","㈱ｶﾞﾘﾊﾞｰｲﾝﾀｰﾅｼｮﾅﾙ","御中","","","","","","","","279-0011","千葉県浦安市美浜1-9-2","","","","","","","","2","180114S","3","2","1","2","300137","ｶﾞﾘﾊﾞｰｲﾝﾀｰ","13:55:45","","2013/08/30 00:00:00","2013/08/30 00:00:00","2","0","","N",""
"180115S","池内陸運輸株式会社","池内陸運輸㈱","御中","","","","","","","","651-2234","兵庫県神戸市西区","","","","","078-991-0064","078-991-3852","","1","180115S","3","2","1","2","300137","ｲｹｳﾁﾘｸｳﾝ","14:02:55","","2013/08/30 00:00:00","2013/08/30 00:00:00","1","0","","N",""
"1808150","(有)奄建工業所","(有)奄建工業所","御中","","","","","","","","566-0062","大阪府摂津市鳥飼上4丁目12-12","","","","","072-653-0398","072-653-4106","","1","1808150","3","2","1","2","300137","ｱﾏｹﾝ","14:54:58","","2013/09/27 00:00:00","2013/09/27 00:00:00","1","0","","N",""
"1219933","関西電装機器株式会社","関西電装機器㈱","御中","","","","","","","","671-0253","兵庫県姫路市花田町一本末172-1","","","","","079-253-8181","079-253-8187","","1","1219933","3","2","1","2","300137","ｶﾝｻｲﾃﾞﾝｿｳｷ","10:23:59","","2013/09/06 00:00:00","2013/09/06 00:00:00","1","0","","N",""
"1840012S","西日本ｺﾍﾞﾙｺ建機㈱関西支社大阪工場","西日本ｺﾍﾞﾙｺ建機㈱大阪工場","御中","","","","","","","","595-0812","大阪府泉北郡忠岡町忠岡中3丁目997-1","","","","","0725-22-5566","0725-22-5210","","2","1840012S","3","2","1","2","300137","ﾆｼﾆﾎﾝｺﾍﾞﾙｺ","11:10:58","","2013/09/04 00:00:00","2013/09/04 00:00:00","2","0","","N",""
"184013S","西日本ｺﾍﾞﾙｺ建機㈱ｸﾚｰﾝ工場","西日本ｺﾍﾞﾙｺ建機㈱ｸﾚｰﾝ工場","御中","","","","","","","","660-0086","兵庫県尼崎市丸島町46-1","","","","","","06-6414-2210","","1","184013S","3","2","1","2","300137","ﾆｼﾆﾎﾝｺﾍﾞﾙｺ","11:13:01","","2013/09/04 00:00:00","2013/09/04 00:00:00","1","0","","N",""
"1840011S","コベルコ建機日本株式会社　兵庫西工場","ｺﾍﾞﾙｺ建機日本㈱兵庫西工場","御中","","","","","","","","672-8022","兵庫県姫路市白浜町宇佐崎南2丁目58番地","","","","","079-245-4077","079-245-4078","","1","1840011S","3","2","1","2","300137","ｺﾍﾞﾙｺ","13:11:24","","2013/09/04 00:00:00","2019/05/09 00:00:00","1","0","","N",""
"1457514A","株式会社トモエシステム","㈱トモエシステム","御中","","","","","","","","6520803","兵庫県神戸市兵庫区大開通7丁目1番17号","","","","","078-576-1088","078-576-1098","","0","1457514A","3","2","1","2","300137","ﾄﾓｴｼｽﾃﾑ","11:20:14","","2014/09/24 00:00:00","2014/09/24 00:00:00","0","0","","N",""
"BEI0001","BEI P-1 HE-Expor","P-1 HE-Expor","BEI","PT.BANSHU ELECTRIC INDONESIA","P-1 (HE-EXP)","MUHTADIN","MR.","WIRING HARNESS","MATERIAL","FOR","41181","KP. CIKANANGA RT. 06/02","DESA CIKUMPAY, KECAMATAN CAMPAKA","KABUPATEN PURWAKARTA","41181 INDONESIA","","62-264-204444","62-264-214444","0010717387055000","3","BEI0001","3","2","1","2","100079","BANSHU","17:47:25","","2014/01/14 00:00:00","2026/07/24 00:00:00","0","0","","N",""
"BEI0002","BEI P-2 Motorcycle","P-2 Motorcycle","BEI","PT.BANSHU ELECTRIC INDONESIA","MCL P-2","WINDA","MS.","WIRING HARNESS","MATERIAL","FOR","41181","KP. CIKANANGA RT. 06/02","DESA CIKUMPAY, KECAMATAN CAMPAKA","KABUPATEN PURWAKARTA","41181 INDONESIA","","62-264-204444","62-264-214444","","3","BEI0010","3","2","1","2","100079","BANSHU","13:52:56","","2014/01/14 00:00:00","2024/07/24 00:00:00","0","0","","N",""
"18.40556","","","","","","","","","","","","","","","","","","","","0","18.40556","3","2","1","2","300137","","10:18:11","","2016/09/09 00:00:00","2016/09/09 00:00:00","0","0","","",""
"18341556","正和運輸株式会社　五日市物流ｾﾝﾀｰ","物流センター（正和）","御中","","","","","","","","7325161","広島県広島市佐伯区五日市港２－３－４","","","","","082-943-6011","","","3","1834152","1","1","2","1","300137","ｺﾍﾞﾙｺ","10:53:18","","2016/09/09 00:00:00","2016/09/09 00:00:00","2","0","","",""
"2","","","","","","","","","","","","","","","","","","","","0","2","3","2","1","2","100079","","16:30:07","","2017/09/21 00:00:00","2017/09/21 00:00:00","0","0","","",""
"JPN0001","BEE","BEE","","TB BANSHU ELECTRIC EQUIPMENT CO., LTD.","TJHANG","FERRY","","","","","","457-4 AZA SHIMOGATANI,","OKUBOMACHI, OKUBO-CHO, AKASHI-SHI,","HYOGO-KEN 674-0067 JAPAN","OFFICE: 25-1 NISHITANI, HIRAOKA-CHO,","KAKOGAWA-SHI, HYOGO-KEN 675-0102 JAPAN","81-79-456-0010","81-79-456-0020","","0","JPN0001","3","2","1","2","100079","","11:22:27","","2017/09/22 00:00:00","2023/05/17 00:00:00","0","0","","",""
"DNK0001","TANTEC A/S","TANCEC","","TANTEC A/S","","","","","","","6640","INDUSTRIVEJ 6","DK 6640 LUNDERSKOV - DENMARK","VAT: DK67382218","","","'+45-7684-0844","'+45-7558-5822","","0","DNK0001","3","2","1","2","100079","","14:07:37","","2017/11/01 00:00:00","2018/10/29 00:00:00","0","0","","",""
"1251375D","CAT 自動倉庫","CAT 自動倉庫","御中","","","","","","","","6748686","兵庫県明石市魚住町清水1106-4","","","","","078-556-6286","078-943-0759","","1","1251375","3","2","1","2","100106","ｷｬﾀﾋﾟﾗｰ","11:08:01","","2018/11/01 00:00:00","2018/11/01 00:00:00","1","0","","",""
"1451311","東亜電気工業株式会社　刈谷営業所","東亜電気工業㈱","御中","","","","","","","","458-0922","愛知県名古屋市緑区桶挟間切戸2214番地","","","","","052-626-1400","052-626-1401","","1","1451311","1","2","1","2","300137","ﾄｳｱ","10:35:35","","2018/07/06 00:00:00","2018/07/21 00:00:00","3","0","","","100070"
"18341547","(株)日立物流西日本　五日市物流センター","(株)日立物流_(ライン)","様","Kobelco Construction Machinery Co., Ltd.","","","","","","","731-5161","広島市佐伯区五日市港2丁目1番16-2号DPL五日市港内2F","","","","","082-943-5620","082-943-5621","","1","1834152","3","2","1","1","100106","ﾋﾀﾁﾌﾞﾂﾘｭｳ","11:48:08","","2018/11/27 00:00:00","2018/11/27 00:00:00","2","0","","",""
"1251375F","明華工業検収所","明華直送納場","御中","","","","","","","","674-0074","明石市魚住町清水1085番地","","","","","078-942-5511","","","1","1251375","3","2","1","2","100106","","17:40:26","","2019/03/22 00:00:00","2019/03/26 00:00:00","1","0","","",""
"BEI0007","BEI P-2 Subang","P-2 Subang","BEI","PT.BANSHU ELECTRIC INDONESIA","MCL P-2","WINDA","MS.","WIRING HARNESS","MATERIAL","FOR","41181","KP. CIKANANGA RT. 06/02","DESA CIKUMPAY, KECAMATAN CAMPAKA","KABUPATEN PURWAKARTA","41181 INDONESIA","","62-000-000000","62-000-000000","","3","BEI0010","3","2","1","2","100079","BANSHU","13:53:28","","2015/11/13 00:00:00","2024/07/24 00:00:00","0","0","","",""
"1724603S","株式会社イチネンアクセス　千葉倉庫","㈱イチネンアクセス　千葉倉庫","御中","","","","","","","","284-000","千葉県四街道大日530-19","","","","","043-382-4320","043-382-4321","","2","1724603S","1","2","1","2","100107","ｱｸｾｽ","14:03:29","","2019/01/22 00:00:00","2022/04/04 00:00:00","1","0","","",""
"BEI0009","BEI P-2 Proto","P-2 Proto","BEI","PT.BANSHU ELECTRIC INDONESIA","MCL P-2","WINDA","MS.","WIRING HARNESS","MATERIAL","FOR","41181","KP. CIKANANGA RT. 06/02","DESA CIKUMPAY, KECAMATAN CAMPAKA","KABUPATEN PURWAKARTA","41181 INDONESIA","","62-264-204444","62-264-214444","","3","BEI0010","3","2","1","2","100079","BANSHU","13:53:47","","2016/03/03 00:00:00","2024/07/24 00:00:00","0","0","","",""
"1349932","泉州電業株式会社","泉州電業㈱","御中","","","","","","","","564-0044","大阪府吹田市南金田","","","","","06-6384-2251","06-6384-2252","","3","1349932","3","2","1","2","300137","ｾﾝｼｭｳﾃﾞﾝ","14:43:10","","2017/05/15 00:00:00","2017/05/15 00:00:00","2","0","","",""
"9000310","りそな銀行　ｴｰｼﾞｪﾝﾄｸﾞﾙｰﾌﾟ","","御中","","","","","","","","1358581","東京都江東区木場一丁目５番６５号","深川ギャザリアＷ2棟","","","","","","","0","9000310","3","2","1","2","300137","","14:48:03","","2016/03/31 00:00:00","2016/03/31 00:00:00","0","0","","",""
"TWN0001","","","","","","","","","","","","","","","","","","","","0","TWN0001","3","2","1","2","100079","","10:55:31","","2018/03/05 00:00:00","2018/03/05 00:00:00","0","0","","",""
"1724603K","株式会社イチネンアクセス　千葉倉庫","㈱イチネンアクセス　千葉倉庫","御中","","","","","","","","284-000","千葉県四街道大日530-19","","","","","043-382-4320","043-382-4321","","2","1724603K","1","2","1","2","100107","ｱｸｾｽ","14:02:59","","2019/02/08 00:00:00","2022/04/04 00:00:00","1","0","","",""
"1848120S","西日本ｺﾍﾞﾙｺ建機㈱福山営業所","西日本ｺﾍﾞﾙｺ建機㈱福山営業所","御中","","","","","","","","721-0952","広島県福山市曙町６丁目９－１１","","","","","084-981-2220","084-957-8280","","2","1848120S","3","2","1","2","300137","ﾆｼﾆﾎﾝ","14:35:15","","2018/06/28 00:00:00","2018/06/28 00:00:00","1","0","","",""
"1251375G","CAT 152棟検収所","CAT　152棟検収所","御中","","","","","","","","6748686","兵庫県明石市魚住町清水1106-4","","","","","078-556-6286","","","1","1251375","3","2","1","2","100106","","11:35:48","","2019/05/27 00:00:00","2019/05/27 00:00:00","1","0","","",""
"1624102","住友重機械建機クレーン株式会社　名古屋工場","住友重機械建機クレーン㈱","御中","","調達ｾﾝﾀｰ長","野崎","様","","","","4748550","愛知県大府市朝日町六丁目１番地","","","","","0562-48-5151","","","2","1624102","1","2","1","1","300137","ｽﾐﾄﾓ","10:06:13","","2016/01/28 00:00:00","2019/12/24 00:00:00","3","0","1","","100149"
"1227392","東プレ株式会社","東プレ㈱","御中","","冷凍機器事業部　海外事業開発部","鈴木","様","","","","3290611","栃木県河内郡上三川町上三川3777","","","","","0285564464","0285564662","","2","1227392","1","2","1","2","300137","ﾄｳﾌﾟﾚ","10:30:28","","2016/10/06 00:00:00","2016/10/06 00:00:00","1","0","","",""
"2196314","川崎重工業株式会社　神戸工場","川崎重工業㈱神戸工場","御中","","","","","","","","6508670","兵庫県神戸市中央区東川崎町3丁目1番1号","","","","","078-682-5344","078-682-5069","","1","2196314","3","2","1","2","300137","ｶﾜｻｷｼﾞｭｳｺｳ","10:51:54","","2016/10/17 00:00:00","2016/10/17 00:00:00","6","0","","",""
"1724366","三菱重工ｻｰﾏﾙｼｽﾃﾑｽﾞ株式会社","三菱重工ｻｰﾏﾙｼｽﾃﾑｽﾞ㈱","御中","","","","","","","","6528585","兵庫県神戸市兵庫区和田崎町1丁目1番1号","","","","","0525039212","0525047552","","3","1724366","3","2","1","2","100106","ﾐﾂﾋﾞｼｼﾞｭｳｺ","17:41:13","","2016/10/17 00:00:00","2021/08/30 00:00:00","4","0","","","100149"
"IND0001","MOTHERSON SUMI SYSTEMS LIMITED","MSSL","MSSL","MOTHERSON SUMI SYSTEMS LIMITED  SBU II","JEEVAN","RAWAT","MR.","WIRING HARNESS","MATERIAL","FOR","201301","C-6-7 (GROUND FLOOR), SECTOR-1","NOIDA-201301","UTTAR PRADESH, INDIA","","","'+91-9910760680","","09AAACM0405A1ZB","0","IND0001","3","2","1","2","100079","BANSHU","17:19:40","","2017/09/21 00:00:00","2020/12/23 00:00:00","0","0","","",""
"1322111","ｼﾏﾌﾞﾝｴﾝｼﾞﾆｱﾘﾝｸﾞ株式会社","ｼﾏﾌﾞﾝｴﾝｼﾞﾆｱﾘﾝｸﾞ㈱","御中","","","","","工務室","祝","様","675-0155","兵庫県加古郡播磨町新島４１番地","","","","","079-435-7233","079-435-3827","","3","1322111","2","2","2","2","100126","ｼﾏﾌﾞﾝ","17:27:17","","2018/06/01 00:00:00","2022/04/01 00:00:00","7","0","","","100110"
"18341548","(株)日立物流西日本　五日市物流センター","(株)日立物流_CKD","様","Kobelco Construction Machinery Co., Ltd.","","","","","","","731-5161","広島市佐伯区五日市港2丁目1番16-2号DPL五日市港内2F","","","","","082-943-5620","082-943-5621","","1","1834152","3","2","1","1","100106","ﾋﾀﾁﾌﾞﾂﾘｭｳ","09:58:13","","2019/06/04 00:00:00","2019/06/04 00:00:00","2","0","","",""
"1464719","トーハツマリーン株式会社","トーハツマリーン㈱","御中","","","","","","","","399-4101","長野県駒ヶ根市下平4495-9","","","","","0265-82-1083","","","2","1464719","1","2","1","2","300137","ﾄｰﾊﾂ","11:16:33","","2019/08/28 00:00:00","2019/08/28 00:00:00","3","0","","","100070"
"1758267","横浜ゴムＭＢジャパン株式会社","横浜ゴムＭＢジャパン㈱","御中","","","","","経理部","二反田","様","781-0081","高知県高知市北川添10-20","","","","","088-883-5681","","","3","1758267","3","2","1","2","300137","ﾖｺﾊﾏｺﾞﾑ","10:34:31","","2019/08/02 00:00:00","2019/08/07 00:00:00","3","0","","",""
"2196312T","協立機電工業株式会社","協立機電工業㈱","御中","","","","","","","","162-0811","東京都新宿区水道町3番9号","","","","","0332687115","0332687146","","1","2196312T","3","2","1","2","300137","ｷｮｳﾘﾂｷﾃﾞﾝｺ","14:05:02","","2016/09/02 00:00:00","2018/06/29 00:00:00","1","0","","",""
"1633216","藤井産業株式会社","藤井産業㈱","御中","","","","","本社財務部","白井","様","321-0905","栃木県宇都宮市平出工業団地41-3","","","","","028-662-6012","028-662-6013","","1","1633216","1","2","1","2","300137","ﾌｼﾞｲ","13:29:15","","2017/04/13 00:00:00","2017/04/13 00:00:00","6","0","","",""
"1151531","株式会社エスイージー","㈱エスイージー","御中","","","","","","","","783-0082","高知県南国市里改田203番地","","","","","088-865-8130","088-865-8177","","3","1151531","1","2","1","2","100126","ｴｽｲｰｼﾞｰ","17:26:40","","2017/05/16 00:00:00","2022/04/01 00:00:00","7","0","","","100115"
"1227581","株式会社キャットアイ","㈱キャットアイ","御中","","生産管理課","","","吉井工場","","","7012504","岡山県赤磐市福田668","","","","","086-954-1091","086-954-1745","","1","1227581","1","2","1","2","300137","ｷｬｯﾄｱｲ","11:14:39","","2017/08/23 00:00:00","2017/12/01 00:00:00","3","0","","","100070"
"BEIigai","BEI以外","BEI以外","","BEIigai","","","","","","","","","","","","","","","","0","BEIigai","3","2","1","2","100079","","17:57:00","","2018/01/10 00:00:00","2018/09/26 00:00:00","0","0","","",""
"1251375A","CAT 103棟検収所","CAT 103棟検収所","御中","","","","","","","","6748686","兵庫県明石市魚住町清水1106-4","","","","","078-556-6286","078-943-0759","","1","1251375","3","2","1","2","100071","ｷｬﾀﾋﾟﾗｰ","14:46:02","","2018/03/27 00:00:00","2018/03/27 00:00:00","1","0","","",""
"1251375B","CAT 明事内特定指定場所","CAT 明事内特定指定場所","御中","","","","","","","","6748686","兵庫県明石市魚住町清水1106-4","","","","","078-556-6286","078-943-0759","","1","1251375","3","2","1","2","100071","ｷｬﾀﾋﾟﾗｰ","15:23:54","","2018/03/27 00:00:00","2018/03/27 00:00:00","1","0","","",""
"1251375C","㈱リョーサン播磨物流倉庫　補用品","㈱リョーサン","御中","","","","","","","","6750155","兵庫県加古郡播磨町新島3番地","","","","","079-430-0011","","","1","1251375","3","2","1","2","100071","ﾘｮｰｻﾝ","15:37:58","","2018/03/27 00:00:00","2018/03/27 00:00:00","1","0","","",""
"18341545","あゆみ産業株式会社　五日市物流センター","あゆみ産業株式会社","様","Kobelco Construction Machinery Co., Ltd.","","","","","","","731-5161","広島県広島市佐伯区五日市港2丁目1番8号","","","","","080-2921-4600","","","1","1834152","3","2","1","1","100106","ｱﾕﾐｻﾝｷﾞｮｳ","11:36:49","","2018/05/09 00:00:00","2018/05/09 00:00:00","2","0","","",""
"BEIA001","Askara Tool","Askara Tool","ASKR","PT.ASKARA INTERNAL","/MR. MOHAN","OLHGA","MS.","WIRING HARNESS","TOOL","FOR","17145","JL.K.H.NOER ALIE DUTA PERMAI","BLOK C IV NO.09-12","JAKA SAMPURNA, BEKASI BARAT","KOTA BEKASI 17145 JAWA BARAT, INDONESIA","","62-21-8896-3777","62-21-8885-0627","0017862517431000","3","BEIA001","3","2","1","2","100079","BANSHU","09:34:59","","2016/03/22 00:00:00","2025/02/13 00:00:00","0","0","","",""
"BEIA002","Askara Material","Askara Material","ASKR","PT.ASKARA INTERNAL","/MR. MOHAN","OLHGA","MS.","WIRING HARNESS","MATERIAL","FOR","17145","JL.K.H.NOER ALIE DUTA PERMAI","BLOK C IV NO.09-12","JAKA SAMPURNA, BEKASI BARAT","KOTA BEKASI 17145 JAWA BARAT, INDONESIA","","62-21-8896-3777","62-21-8885-0627","0017862517431000","3","BEIA002","3","2","1","2","100079","BANSHU","09:35:20","","2016/03/22 00:00:00","2025/02/13 00:00:00","0","0","","",""
"BEIA003","Askara GP","Askara GP","BEI","PT.BANSHU ELECTRIC INDONESIA","MCL P-2","TIRANI","MS.","WIRING HARNESS","MATERIAL","FOR","41181","KP. CIKANANGA RT. 06/02","DESA CIKUMPAY, KECAMATAN CAMPAKA","KABUPATEN PURWAKARTA","41181 INDONESIA","","62-264-204444","62-264-214444","","3","BEIA001","3","2","1","2","100079","BANSHU","10:30:33","","2016/03/22 00:00:00","2020/08/19 00:00:00","0","0","","",""
"1800050S","西日本ｺﾍﾞﾙｺ建機㈱大阪工場","西日本ｺﾍﾞﾙｺ建機㈱大阪工場","御中","","","","","","","","5950812","大阪府泉北郡忠岡町忠岡中3丁目997-1","","","","","0725-22-5566","0725-22-5210","","1","1800050S","3","2","1","2","300137","ｺﾍﾞﾙｺ","14:29:35","","2016/04/01 00:00:00","2016/04/01 00:00:00","1","0","","",""
"1411320","株式会社竹内製作所","㈱竹内製作所","御中","","","","","","","","3890605","長野県埴科郡坂城町上平205","","","","","0268-81-1110","0268-81-1120","","2","1411320","1","2","1","1","100112","ﾀｹｳﾁｾｲｻｸｼｮ","17:17:29","","2016/11/03 00:00:00","2021/08/19 00:00:00","3","0","","","100149"
"JPN0002","BEE","BEE","","TB BANSHU ELECTRIC EQUIPMENT CO., LTD.","TJHANG","FERRY","","","","","","25-1 NISHITANI, HIRAOKA-CHO,","KAKOGAWA-SHI, HYOGO-KEN 675-0102 JAPAN","","","","81-79-456-0010","81-79-456-0020","","0","JPN0001","3","2","1","2","100079","","10:01:28","","2017/12/27 00:00:00","2023/05/17 00:00:00","0","0","","",""
"1151552","エレマテック株式会社　京都本店","エレマテック㈱京都本店","御中","","","","","","","","601-8033","京都市南区東九条南石田町5　京阪ﾊﾞｽ十条ﾋﾞﾙ１階","","","","","075-693-5161","075-693-3980","","2","1151552","3","2","1","1","300137","ｴﾚﾏﾃｯｸ","14:02:52","","2018/08/07 00:00:00","2018/08/07 00:00:00","2","0","","","100149"
"18341546","日本梱包運輸倉庫株式会社","日本梱包　神戸（CKD)","様","Kobelco Construction Machinery Co., Ltd.","","","","","","","651-2228","兵庫県神戸市西区見津が丘5-1-1","","","","","079-994-2108","078-994-2128","","1","1834152","3","2","1","1","100106","ﾆﾎﾝｺﾝﾎﾟｳ","14:40:17","","2018/10/04 00:00:00","2018/10/04 00:00:00","2","0","","",""
"1411320B","株式会社竹内製作所　第二工場","第二工場","御中","","","","","","","","3890605","長野県埴科郡坂城町上平177","","","","","0268-81-1173","","","2","1411320","3","2","1","2","100112","ﾀｹｳﾁｾｲｻｸｼｮ","14:56:14","","2018/10/19 00:00:00","2018/11/14 00:00:00","3","0","","",""
"BEI0008","BEI P-1 Proto","P-1 Proto","BEI","PT.BANSHU ELECTRIC INDONESIA","MCL P-1","OKTA","MS.","WIRING HARNESS","MATERIAL","FOR","41181","KP. CIKARANGA RT. 06/02","DESA CIKUMPAY, KECAMATAN CAMPAKA","KABUPATEN PURWAKARTA","41181 INDONESIA","","62-264-204444","62-264-214444","","3","BEI0001","3","2","1","2","100079","BANSHU","11:49:40","","2016/02/22 00:00:00","2023/02/27 00:00:00","0","0","","",""
"BEI0000","ABCDEFGHIJABCDEFGHIJABCDEFGHIJA","ABCDEFGHIJABCDEFG","ABCD","ABCDEFGHIJABCDEFGHIJABCDEFGHIJABCDEFGHIJABCDEFGHIJ","ABCDEFGHIJABCDEFG","ABCDEFGHIJA","ABCD","ABCDEFGHIJABCDEFG","ABCDEFGHIJA","ABCD","ABCDEFGHI","ABCDEFGHIJABCDEFGHIJABCDEFGHIJ","ABCDEFGHIJABCDEFGHIJABCDEFGHIJABCDEFGHIJABCDE","ABCDEFGHIJABCDEFGHIJABCDEFGHIJ","ABCDEFGHIJABCDEFGHIJABCDEFGHIJABCDEFGHIJABCDEFGHIJABCDEFGHIJ","ABCDEFGHIJABCDEFGHIJABCDEFGHIJABCDEFGHIJABCDEFGHIJABCDEFGHIJ","ABCDEFGHIJABCDEFGHIJ","ABCDEFGHIJABCDEFGHIJ","ABCDEFGHIJABCDEFGHIJ","3","BEI0000","3","2","1","2","100079","ABCDEFGHIJ","17:06:30","","2016/10/12 00:00:00","2020/12/23 00:00:00","0","0","","",""
"2196315","川重車両コンポ㈱","川重車両コンポ㈱","御中","","","","","","","","6520884","兵庫県神戸市兵庫区和田山通2丁目12番14号","（川崎重工業株式会社　兵庫工場内）","","","","078-682-3171","078-682-7571","","3","2196315","3","1","1","2","300137","ｶﾜｼﾞｭｳｼｬﾘｮ","10:50:15","","2017/03/15 00:00:00","2017/03/16 00:00:00","1","0","","",""
"1523700","中島電機 株式会社　(VICTORIA向け）","中島電機㈱","御中","","","","","総務部","古賀","様","530-0035","大阪市北区同心2丁目15番13号","","","","","06-6358-9800","06-6358-6144","","3","1523700","1","2","1","2","100106","ﾅｶｼﾞﾏﾃﾞﾝｷ","16:46:38","","2018/02/13 00:00:00","2019/01/15 00:00:00","2","0","","",""
"2196316","カワサキモータース株式会社","カワサキモータース㈱","御中","Kawasaki Motors,Ltd.","","","","","","","673-8666","明石市川崎町1-1","","","","","078-921-1472","078-921-5254","","1","2196316","2","2","1","1","300137","ｶﾜｻｷ","14:37:05","","2018/01/31 00:00:00","2022/01/14 00:00:00","0","0","","",""
"16241101","日立建機㈱つくば部品センタ","つくば部品センタ","御中","","","","","","","","305-0071","茨城県つくば市稲岡821番地1","","","","","029-839-2413","","","1","1624110","2","2","1","1","100112","ﾋﾀﾁｹﾝｷ","09:09:18","","2018/10/05 00:00:00","2019/01/22 00:00:00","3","0","","","100115"
"16241102","日立建機㈱常陸那珂工場　第二荷受","なか第二","御中","","","","","","","","312-0005","茨城県ひたちなか市新光町552-48","","","","","029-264-2056","","","1","1624110","2","2","1","1","300137","ﾋﾀﾁ","14:54:29","","2018/10/05 00:00:00","2018/10/05 00:00:00","3","0","","",""
"16241103","日立建機㈱常陸那珂工場　第三荷受","なか第三　ナカダイサン","御中","","","","","","","","312-0005","茨城県ひたちなか市新光町552-48","","","","","029-264-2056","","","1","1624110","2","2","1","2","100126","ﾋﾀﾁ","09:25:49","","2018/10/05 00:00:00","2025/09/04 00:00:00","3","0","","","100115"
"1411320C","株式会社竹内製作所　第三工場","第三工場","御中","","","","","","","","3890605","長野県埴科郡坂城町上平205","","","","","0268-81-1110","","","2","1411320","3","2","1","2","100112","ﾀｹｳﾁｾｲｻｸｼｮ","14:56:05","","2018/10/19 00:00:00","2018/11/14 00:00:00","3","0","","",""
"1285135","株式会社技研製作所   高知本社工場","㈱技研製作所","御中","","","","","","","","781-5195","高知市布師田3948番地1","","","","","088-803-1272","088-820-2015","","3","1285135","2","2","1","2","100150","ｷﾞｹﾝｾｲｻｸｼｮ","13:20:12","","2015/12/22 00:00:00","2025/04/23 00:00:00","7","0","1","","100115"
"BEI0010","BEI M-GOLD","BEI M-GOLD","BEI","PT.BANSHU ELECTRIC INDONESIA","MCL P-2","WINDA","MS.","","","","17148","M GOLD TOWER OFFICE WING","18TH FLOOR, SUITE EFG","JL. KH. NOER ALI, PEKAYON JAYA","BEKASI SELATAN, KOTA BEKASI 17148","JAWA BARAT, INDONESIA","62-21-2808-7102","62-21-2808-7101","0010717387055000","3","BEI0010","3","2","1","2","100079","BANSHU","15:13:46","","2017/12/05 00:00:00","2026/07/28 00:00:00","0","0","","",""
"1411319","株式会社タガミ・イーエクス","㈱タガミ・イーエクス","御中","","","","","総務過","","","923-1101","石川県能美市粟生町西2番地2","","","","","0761-57-3525","0761-57-3528","","3","1411319","2","2","1","1","100126","ﾀｶﾞﾐ","17:27:35","","2018/10/11 00:00:00","2022/04/01 00:00:00","7","0","","","100115"
"1411320G","株式会社竹内製作所　第三工場(経費)","経費(第三工場)","御中","","","","","","","","3890605","長野県埴科郡坂城町上平205","","","","","0268-81-1110","","","2","1411320","3","2","1","2","100112","ﾀｹｳﾁｾｲｻｸｼｮ","14:57:15","","2018/10/19 00:00:00","2018/11/14 00:00:00","3","0","","",""
"1411320D","株式会社竹内製作所　パーツセンター","パーツセンター","御中","","","","","","","","3890605","長野県埴科郡坂城町上平205","","","","","0268-81-1116","","","2","1411320","3","2","1","2","100112","ﾀｹｳﾁｾｲｻｸｼｮ","14:56:29","","2018/10/19 00:00:00","2018/11/14 00:00:00","3","0","","",""
"1411320X","中央シスエン(有)","昭和物産㈱","御中","","","","","","","","3828511","長野県須坂市大字須坂1371-22","","","","","0262-48-7533","","","2","1411320","3","2","1","2","100112","ﾁｭｳｵｳｼｽｴﾝ","11:46:19","","2018/10/19 00:00:00","2018/10/19 00:00:00","3","0","","",""
"BEI0011","BEI P-1 Tool","P-1 Tool","BEI","PT.BANSHU ELECTRIC INDONESIA","MCL P-1","OKTA","MS.","WIRING HARNESS","TOOL","FOR","41181","KP. CIKANANGA RT. 06/02","DESA CIKUMPAY, KECAMATAN CAMPAKA","KABUPATEN PURWAKARTA","41181 INDONESIA","","62-264-204444","62-264-214444","","3","BEI0001","3","2","1","2","100079","BANSHU","11:49:57","","2018/11/01 00:00:00","2023/02/27 00:00:00","0","0","","",""
"1451320","㈱東海理化クリエイト電装部","㈱東海理化クリエイト電装部","御中","","","","","","","","","","","","","","","","","0","1451320","3","2","1","2","300137","","11:37:07","","2019/01/07 00:00:00","2019/01/07 00:00:00","0","0","","",""
"1251375E","CAT 簡易倉庫北（大型機部品 )","CAT 簡易倉庫北（大型機部品 )","御中","","","","","","","","6748686","兵庫県明石市魚住町清水1106-4","","","","","078-556-6286","078-943-0759","","1","1251375","3","2","1","2","100106","ｷｬﾀﾋﾟﾗｰ","13:11:01","","2019/01/18 00:00:00","2019/01/18 00:00:00","1","0","","",""
"1281113T","田中電機　株式会社","田中電機㈱","御中","","","","","","","","440-0865","愛知県豊橋市向山台町15番地の3","","","","","0532-53-1101","0532-53-2700","","3","1281113T","1","2","1","2","300137","ﾀﾅｶﾃﾞﾝ","15:11:31","","2021/06/23 00:00:00","2021/06/23 00:00:00","3","0","","",""
"17243663","三菱重工ｻｰﾏﾙｼｽﾃﾑｽﾞ㈱ 1D支庫","三菱ｻｰﾏﾙ㈱　　1Ｄ支庫","御中","","","","","","","","658-0033","兵庫県神戸市東灘区向洋町西二丁目7","三菱倉庫株式会社　神戸支店　六甲営業所","","","","078-944-1231","","","3","1724366","3","2","1","2","100150","ﾐﾂﾋﾞｼｼﾞｭｳｺ","11:42:40","","2021/08/30 00:00:00","2024/07/04 00:00:00","4","0","","",""
"17243664","三菱重工ｻｰﾏﾙｼｽﾃﾑｽﾞ株式会社","三菱ｻｰﾏﾙ㈱　　3D支庫","御中","","","","","","","","452-8561","愛知県清須市西枇杷島町旭三丁目1番地　3D支庫","","","","","05038262600","0525014858","","3","1724366","3","2","1","2","100106","ﾐﾂﾋﾞｼｼﾞｭｳｺ","17:40:37","","2021/08/30 00:00:00","2021/08/30 00:00:00","4","0","","",""
"17243665","三菱重工ｻｰﾏﾙｼｽﾃﾑｽﾞ株式会社","三菱ｻｰﾏﾙ㈱　　3Z支庫","御中","","","","","","","","452-8561","愛知県清須市西枇杷島町旭三丁目1番地　3Z支庫","","","","","05038262600","0525014858","","3","1724366","3","2","1","2","100106","ﾐﾂﾋﾞｼｼﾞｭｳｺ","17:40:03","","2021/08/30 00:00:00","2021/08/30 00:00:00","4","0","","",""
"1251375I","エム・ケー・ロジテック本社工場","ｴﾑ･ｹｰﾛｼﾞﾃｯｸ本社工場","御中","","","","","","","","674-0093","兵庫県明石市二見町南二見21-1","","","","","078-949-3518","","","1","1251375","3","2","1","2","100106","","15:41:31","","2021/12/13 00:00:00","2021/12/13 00:00:00","1","0","","",""
"1251375J","リョーサン  （旧AILC本社）","リョーサン　AILC","御中","","","","","","","","674-0074","兵庫県明石市魚住町清水1083-1","","","","","078-949-2011","","","1","1251375","3","2","1","2","100150","","11:57:55","","2021/12/13 00:00:00","2025/07/28 00:00:00","1","0","","",""
"1211993","株式会社キーエンス","㈱キーエンス","御中","","","","","","","","533-8555","大阪市東淀川区東中島1-3-14","","","","","06-6325-6707","06-6379-1188","","0","1211993","3","2","1","2","300137","ｷｰｴﾝｽ","10:09:27","","2022/06/09 00:00:00","2022/06/09 00:00:00","0","0","","",""
"1251375P","エム・ケー・ロジテック検収所(C級部品センター）","ｴﾑｹｰﾛｼﾞﾃｯｸ検収所(C部品","御中","","","","","","","","674-0093","兵庫県明石市二見町南二見21-1","","","","","078-949-3518","","","1","1251375","3","2","1","2","100106","","12:04:14","","2023/03/30 00:00:00","2023/03/30 00:00:00","1","0","","",""
"1251332Y","郷商事株式会社　山口倉庫","郷商事㈱山口倉庫","御中","","","","","","","","929-0126","石川健能美市山口町ハ125","","","","","0761-20-1971","","","3","1251332","1","2","1","2","300137","ｺﾞｳｼｮｳｼﾞ","11:19:14","","2023/06/15 00:00:00","2023/06/15 00:00:00","2","0","","",""
"18341550","(株)日立物流西日本五日市物流センタ2Ｆ","(株)日立物流_(ﾗｲﾝ)_２Ｆ","様","Kobelco Construction Machinery Co., Ltd.","","","","","","","731-5161","広島市佐伯区五日市港2丁目1番16-2号DPL五日市港内2F","","","","","082-943-5620","082-943-5621","","1","1834152","3","2","1","1","100106","ﾋﾀﾁﾌﾞﾂﾘｭｳ","16:23:06","","2020/11/13 00:00:00","2020/11/13 00:00:00","2","0","","",""
"18341551","(株)日立物流西日本五日市物流センター3Ｆ","(株)日立物流_(ﾗｲﾝ)_３Ｆ","様","Kobelco Construction Machinery Co., Ltd.","","","","","","","731-5161","広島市佐伯区五日市港2丁目1番16-2号DPL五日市港内2F","","","","","082-943-5620","082-943-5621","","1","1834152","3","2","1","1","100106","ﾋﾀﾁﾌﾞﾂﾘｭｳ","16:19:50","","2020/11/13 00:00:00","2020/11/13 00:00:00","2","0","","",""
"1794125","株式会社モリタエコノス","㈱モリタエコノス","御中","","","","","","","","669-1339","兵庫県三田市テクノパーク２８番地","","","","","079-568-1711","","","0","1794125","3","2","1","2","300137","ﾓﾘﾀｴｺﾉｽ","11:12:29","","2020/11/18 00:00:00","2020/11/18 00:00:00","0","0","","","100110"
"13556681","酒井重工業株式会社（狭山）","酒井重工業（株）（狭山）","様","","","","","","","","350-1156","埼玉県川越市中福849","","","","","","","","1","13556677","2","2","1","1","100150","ｻｶｲ ｼﾞｭｳｺｳ","14:41:27","","2021/06/11 00:00:00","2025/09/02 00:00:00","4","0","","",""
"1624100F","株式会社　日立建機ティエラ SCM倉庫","㈱日立建機ティエラ SCM倉庫","御中","","","","","","","","528-0025","滋賀県甲賀市水口町西林口32-2 甲賀SCMｾﾝﾀｰ","","","","","0748-76-3282","","","1","1624100","2","2","1","1","100106","","10:43:58","","2022/06/15 00:00:00","2022/06/15 00:00:00","5","0","","",""
"1624100G","株式会社　日立建機ティエラ 水口倉庫","㈱日立建機ティエラ 水口倉庫","御中","","","","","","","","528-0058","滋賀県甲賀市水口町北泉1丁目116番","","","","","0748764724","","","1","1624100","2","2","1","1","100106","","10:45:53","","2022/06/15 00:00:00","2022/06/15 00:00:00","5","0","","",""
"1251332S","ジャパンロジコム㈱滋賀営業所内郷商事","ジャパンロジコム㈱滋賀　郷商事","御中","","","","","","","","529-1422","滋賀県東近江市五個荘小幡町55-17","","","","","0748-48-8701","","","3","1251332","1","2","1","2","300137","ｼﾞｬﾊﾟﾝ","11:18:47","","2023/06/15 00:00:00","2023/06/15 00:00:00","2","0","","",""
"1411320H","株式会社竹内製作所　青木工場","青木工場　荷受1","御中","","","","","","","","386-1603","長野県小県郡青木村当郷 275-1","","","","","0268-75-0411","","","2","1411320","3","2","1","2","100105","ﾀｹｳﾁｾｲｻｸｼｮ","12:08:17","","2023/06/23 00:00:00","2023/06/23 00:00:00","3","0","","",""
"1411320I","株式会社竹内製作所　青木工場","青木工場　荷受2","御中","","","","","","","","386-1603","長野県小県郡青木村当郷 275-1","","","","","0268-75-0411","","","2","1411320","3","2","1","2","100105","ﾀｹｳﾁｾｲｻｸｼｮ","13:04:19","","2023/06/23 00:00:00","2023/06/23 00:00:00","3","0","","",""
"1134373F","株式会社内村　大宮営業所","(株)内村　大宮営業所","御中","","","","","","","","331-0823","埼玉県さいたま市北区日進町3-849-1","","","","","048-661-6672","","","1","1134373","3","2","1","2","100126","ウチムラ","16:26:01","","2021/05/07 00:00:00","2021/05/07 00:00:00","0","0","","",""
"17243661","三菱重工ｻｰﾏﾙｼｽﾃﾑｽﾞ株式会社","三菱ｻｰﾏﾙ㈱　　1B支庫","御中","","","","","","","","652-8585","兵庫県神戸市兵庫区和田崎町1-1-1","","","","","05038262600","0525014858","","3","1724366","3","2","1","2","100106","ﾐﾂﾋﾞｼｼﾞｭｳｺ","17:37:49","","2021/08/23 00:00:00","2021/08/30 00:00:00","4","0","","",""
"17243662","三菱重工ｻｰﾏﾙｼｽﾃﾑｽﾞ株式会社","三菱ｻｰﾏﾙ㈱　　1C支庫","御中","","","","","","","","6528585","兵庫県神戸市兵庫区和田崎町一丁目1番1号","","","","","","","","3","1724366","3","2","1","2","100106","ﾐﾂﾋﾞｼｼﾞｭｳｺ","17:38:08","","2021/08/23 00:00:00","2021/08/30 00:00:00","4","0","","",""
"1810055S","ｺﾍﾞﾙｺ建機日本株式会社関西支社　京滋工場","ｺﾍﾞﾙｺ建機日本㈱　京滋工場","御中","","","","","","","","613-0023","京都府久世郡久御山町野村村東30番","","","","","075-633-6610","075-633-6611","","0","1810055S","3","2","1","2","300137","ｺﾍﾞﾙｺ","14:58:36","","2022/06/13 00:00:00","2022/06/13 00:00:00","0","0","","",""
"1411320J","株式会社竹内製作所　青木工場","青木工場　荷受3","御中","","","","","","","","386-1603","長野県小県郡青木村当郷 275-1","","","","","0268-75-0411","","","2","1411320","3","2","1","2","100105","ﾀｹｳﾁｾｲｻｸｼｮ","13:04:51","","2023/06/23 00:00:00","2023/06/23 00:00:00","3","0","","",""
"1319983H","株式会社サンヨー北陸支店","㈱サンヨー北陸支店","御中","","","","","","","","923-1101","石川県能美市粟生町オ51番1号 粟生工業団地","","","","","0761-58-5630","0761-58-5640","","3","1319983H","2","2","1","1","300137","ｻﾝﾖｰ","13:03:16","","2024/02/16 00:00:00","2024/02/16 00:00:00","4","0","","","100149"
"1134373G","㈱ﾔﾏｶﾞﾀ　那珂港物流センター　（山崎工団地内）","㈱ﾔﾏｶﾞﾀ　那珂港物流センター","御中","","","","","","","","311-1251","茨城県ひたちなか市山崎18","","","","","02-265-7955","","","1","1134373","3","2","1","2","100046","ﾔﾏｶﾞﾀ","08:22:40","","2024/06/12 00:00:00","2024/07/12 00:00:00","0","0","","",""
"1251375R","明華工業(機器物流部品)","明華（機器物流部品）","御中","","","","","","","","674-0074","明石市魚住町清水1085番地","","","","","078-942-5511","","","1","1251375","3","2","1","2","100106","","17:24:12","","2024/07/22 00:00:00","2024/07/22 00:00:00","1","0","","",""
"1411320F","株式会社竹内製作所　第二工場(経費）","経費(第二工場)","御中","","","","","","","","3890605","長野県埴科郡坂城町上平177","","","","","0268-81-1173","","","2","1411320","3","2","1","2","100105","ﾀｹｳﾁｾｲｻｸｼｮ","11:25:10","","2024/10/17 00:00:00","2024/10/17 00:00:00","3","0","","",""
"1624100A","株式会社　日立建機ティエラ 日野倉庫","㈱日立建機ティエラ 日野倉庫","御中","","","","","","","","529-1608","滋賀県蒲生郡日野町大字大谷東山 480-1","","","","","0748-53-3834","","","1","1624100","2","2","1","1","300137","ﾋﾀﾁｹﾝｷﾃｨｴﾗ","14:39:51","","2019/12/02 00:00:00","2019/12/02 00:00:00","5","0","","","100115"
"1624100B","株式会社　日立建機ティエラ 日野(滋賀経由）","㈱日立建機ティエラ 日野(滋賀経由","御中","","","","","","","","528-0061","滋賀県甲賀市水口町笹ヶ丘1-2","","","","","0748-62-6433","","","1","1624100","2","2","1","1","300137","ﾋﾀﾁｹﾝｷﾃｨｴﾗ","14:45:09","","2019/12/02 00:00:00","2019/12/02 00:00:00","5","0","","",""
"1624100C","株式会社日立建機ティエラ　名古屋物流センター","㈱日立建機ﾃｨｴﾗ名古屋","御中","","","","","","","","476-0002","愛知県東海市名和町三番割下70番地4","","","","","052-689-7061","","","1","1624100","2","2","1","1","300137","ﾋﾀﾁｹﾝｷﾃｨｴﾗ","14:51:54","","2019/12/02 00:00:00","2019/12/02 00:00:00","5","0","","",""
"1624100D","株式会社日立建機ティエラ つくば物流センタ","㈱日立建機ﾃｨｴﾗ　つくば","御中","","","","","","","","305-0071","茨城県つくば市稲岡821番地1","","","","","029-839-2413","","","1","1624100","2","2","1","1","300137","ﾋﾀﾁｹﾝｷﾃｨｴﾗ","14:53:59","","2019/12/02 00:00:00","2019/12/02 00:00:00","5","0","","",""
"1624100E","株式会社　日立建機ティエラ 土浦物流センタ","㈱日立建機ティエラ 土浦物流","御中","","","","","","","","","茨城県土浦市北神立町１－９","","","","","029-830-0243","","","1","1624100","2","2","1","1","300137","","14:56:05","","2019/12/02 00:00:00","2019/12/02 00:00:00","5","0","","",""
"1817145H","いすゞ自動車ｴﾝｼﾞﾝ販売株式会社本蓮事業所","いすゞ自動車ｴﾝｼﾞﾝ販売㈱本蓮","御中","","","","","","","","334-0076","埼玉県川口市本蓮4-4-14","","","","","048-284-3811","048-284-3815","","1","1817145H","3","2","1","2","300137","ｲｽｽﾞﾔﾏﾄ","13:21:42","","2020/09/17 00:00:00","2022/06/02 00:00:00","0","0","","","100149"
"18341552","ロジスティード西日本㈱ 2階","ロジステ__(ﾗｲﾝ)_２Ｆ","様","Kobelco Construction Machinery Co., Ltd.","","","","","","","731-5161","広島市佐伯区五日市港2丁目1番16-2号DPL五日市港内2F","","","","","082-943-5625","082-943-5621","","1","1834152","3","2","1","1","100106","ﾛｼﾞｽﾃｨｰﾄﾞ","10:02:42","","2023/04/25 00:00:00","2023/04/25 00:00:00","2","0","","",""
"18341553","ロジスティード西日本㈱ 3階","ロジステ_(ﾗｲﾝ)_３Ｆ","様","","","","","","","","731-5161","広島市佐伯区五日市港2丁目1番16-2号DPL五日市港内2F","","","","","082-943-5625","082-943-5621","","1","1834152","3","2","1","1","100106","ﾛｼﾞｽﾃｨｰﾄﾞ","10:04:03","","2023/04/25 00:00:00","2023/04/25 00:00:00","2","0","","",""
"1411320K","株式会社竹内製作所　青木工場","青木工場　荷受4","御中","","","","","","","","386-1603","長野県小県郡青木村当郷 275-1","","","","","0268-75-0411","","","2","1411320","3","2","1","2","100105","ﾀｹｳﾁｾｲｻｸｼｮ","13:05:27","","2023/06/23 00:00:00","2023/06/23 00:00:00","3","0","","",""
"18341549","日通商事 神戸LSセンター","日通商事 神戸LSセンター","様","Kobelco Construction Machinery Co., Ltd.","","","","","","","658-0046","兵庫県神戸市東灘区御影本町3-1-4","","","","","078-854-5861","","","1","1834152","3","2","1","1","100106","ﾆｯﾂｳｼｮｳｼﾞ","10:12:54","","2019/10/29 00:00:00","2019/10/29 00:00:00","2","0","","",""
"1624113B","ロジスネクストハンドリングシステム株式会社","LHS広島","御中","LogisnextHandlingSystemCorporation","生産管理課","高原","様","","","","7220062","広島県尾道市向東町14755番地","","","","Hitachi","0848-44-1104","0848-45-2979","","2","1624113","3","2","1","1","100105","ﾛｼﾞｽﾈｸｽﾄﾊﾝ","09:26:20","","2020/06/04 00:00:00","2020/11/06 00:00:00","1","0","","",""
"1411121A","大喜工業株式会社　第5工場","大喜工業㈱　第5工場","御中","","","","","","","","596-0011","大阪府岸和田市木材町16-3","","","","","072-436-8615","","","2","1411121","2","2","2","1","300137","ﾀﾞｲｷｺｳｷﾞｮｳ","10:21:14","","2020/09/16 00:00:00","2020/09/16 00:00:00","5","0","","",""
"1257140","コマツ金沢工場","コマツ金沢工場","御中","","生産部工作管理課工務センタ","","","","","","923-0225","石川県金沢市大野町新町1-1","","","","","076-237-1957","076-237-2493","","1","1257140","3","2","2","1","300137","ｺﾏﾂ","09:51:52","","2022/01/31 00:00:00","2022/01/31 00:00:00","4","0","","","100149"
"1411320L","株式会社竹内製作所　青木工場","青木工場　荷受5","御中","","","","","","","","386-1603","長野県小県郡青木村当郷 275-1","","","","","0268-75-0411","","","2","1411320","3","2","1","2","100105","ﾀｹｳﾁｾｲｻｸｼｮ","13:05:52","","2023/06/23 00:00:00","2023/06/23 00:00:00","3","0","","",""
"1329925A","ｺﾍﾞﾙｺ建機㈱　大垣事業所 第1外部倉庫","コベルコ大垣　第1外部倉庫","御中","Kobelco Ogaki","調達部","豊島・吉田","","","","","503-08505","岐阜県大垣市本今町１６８２－２","","","","Kobelco","0584-89-0902","0584-87-0014","","2","1329925","2","2","2","1","100106","ｺﾍﾞﾙｺｹﾝｷｵｵ","16:14:25","","2023/07/06 00:00:00","2023/07/06 00:00:00","3","0","","",""
"1251332H","日吉工業株式会社","日吉工業㈱","御中","hiyosikougyou","","","","","","","9230994","石川県小松市工業団地1-123-10","","","","","0761-24-3805","","","3","1251332","2","2","2","2","100046","ﾋﾖｼｺｳｷﾞｮｳｶ","09:37:02","","2023/07/07 00:00:00","2023/07/26 00:00:00","2","0","","",""
"1233375","株式会社クボタ","㈱クボタ","御中","","","","","","","","590-0908","大阪府堺市堺区匠町1-11","","","","","072-260-9110","072-260-9204","","3","1233375","2","2","2","1","300137","ｸﾎﾞﾀ","14:12:19","","2024/04/12 00:00:00","2024/04/12 00:00:00","2","0","","",""
"17243667","三菱重工ｻｰﾏﾙｼｽﾃﾑｽﾞ㈱ 1E支庫","三菱ｻｰﾏﾙ㈱　　1E支庫","御中","","","","","","","","652-8585","兵庫県神戸市兵庫区和田崎町一丁目1番1号","三菱重工神戸造船所内　SC棟","MHIファシリティーサービス株式会社長谷川様宛","","","070-7812-2094","","","3","1724366","3","2","1","2","100150","ﾐﾂﾋﾞｼｼﾞｭｳｺ","11:24:36","","2024/07/04 00:00:00","2024/07/04 00:00:00","4","0","","",""
"1134373C","株式会社内村　小松営業所","(株)内村　小松営業所","御中","","","","","","","","923-0977","石川県小松市額見町工業団地6","","","","","0761-43-4303","","","1","1134373","3","2","1","2","100126","ウチムラ","16:26:22","","2020/03/26 00:00:00","2021/05/07 00:00:00","0","0","","",""
"1134373D","アサヒ産業株式会社　枚方零号物流倉庫","アサヒ産業(株)","御中","","","","","","","","573-0004","大阪府枚方市中宮大池4-5-1","","","","","072-807-6155","050-3606-7415","","1","1134373","3","2","1","2","100126","ｱｻﾋｻﾝｷﾞｮｳ","10:06:27","","2020/03/26 00:00:00","2020/11/05 00:00:00","1","0","","",""
"1110129","アール電子株式会社","アール電子㈱","御中","","営業部　第二課","佐藤　善生","様","","","","1010021","東京都千代田区外神田2-9-8青朋ビル","","","","","03-3253-0768","03-3253-7604","","0","1110129","2","2","1","2","300137","ｱｰﾙﾃﾞﾝｼ","11:28:02","","2021/01/26 00:00:00","2023/03/14 00:00:00","0","0","","",""
"1134373E","近畿通関株式会社　咲洲Q4物流センター","近畿通関㈱　咲洲Q4物流センター","御中","","","","","","","","559-0033","大阪市住之江区南港中6-3-44","","","","","06-6613-2894","","","1","1134373","3","2","1","2","100126","ｷﾝｷﾂｳｶﾝ","10:28:57","","2020/09/02 00:00:00","2020/09/02 00:00:00","1","0","","",""
"1251375Q","201棟西検収所（小型機部品）","201棟西検収所（小型機部品）","御中","","","","","","","","6748686","兵庫県明石市魚住町清水1106-4","","","","","078-556-6286","","","1","1251375","3","2","1","2","100106","","10:29:43","","2023/04/06 00:00:00","2023/04/06 00:00:00","1","0","","",""
"1251375N","㈱リョーサン（ＮＧＨキット専用納場）","リョーサン（ＮＧＨキット専用）","御中","","","","","","","","6750155","兵庫県加古郡播磨町新島3番地","","","","","079-430-0013","","","1","1251375","3","2","1","2","100106","ﾘｮｰｻﾝ","13:50:45","","2022/11/25 00:00:00","2022/11/25 00:00:00","1","0","","",""
"1451323","東京フジ株式会社","東京フジ㈱","御中","","","","","","","","365-0062","埼玉県鴻巣市箕田 3349-1","","","","","048-596-3311","","","2","1451323","2","2","1","2","300137","ﾄｳｷｮｳﾌｼﾞ","10:38:16","","2024/09/11 00:00:00","2025/01/09 00:00:00","4","0","","","100115"
"18341557","コベルコ建機東条パーツロジセンター","コベルコP/C 東条センター","御中","","","","","","","","673-1341","兵庫県加東市南山6丁目 9-1 ロジトレス東条内","","","","","0795-47-19000","","","3","1834152","1","1","2","1","100132","ｺﾍﾞﾙｺ","17:35:46","","2024/10/16 00:00:00","2026/02/13 00:00:00","2","0","","",""
"1251375S","阪神機器直送納場","阪神機器直送納場","御中","","","","","","","","651-2411","兵庫県神戸市西区上新地３丁目６-９","","","","","078-945-5776","","","1","1251375","3","2","1","2","100150","ｷｬﾀﾋﾟﾗｰ","11:28:44","","2024/11/01 00:00:00","2024/11/01 00:00:00","1","0","","",""
"1411320E","株式会社竹内製作所　第一工場(経費)","経費(第一工場)","御中","","","","","","","","3890605","長野県埴科郡坂城町上平205","","","","","0268-81-1110","","","2","1411320","3","2","1","2","100112","ﾀｹｳﾁｾｲｻｸｼｮ","16:08:25","","2019/08/30 00:00:00","2019/08/30 00:00:00","3","0","","",""
"1327300","株式会社テクス清水","㈱テクス清水","御中","","","","","経営","菅野","様","379-0112","群馬県安中市岩井710-1","","","","","027-380-5131","","","3","1327300","1","2","1","2","300137","ﾃｸｽｼﾐｽﾞ","11:11:07","","2019/10/07 00:00:00","2019/10/07 00:00:00","2","0","","","100115"
"1313961","青山貿易株式会社","青山貿易㈱","御中","","","","","","","","5420081","大阪市中央区南船場４丁目６番１７号（南船場青山ビル）","","","","","06-6241-1473","06-6241-0586","","0","1313961","3","2","1","2","300137","ｾｲｻﾞﾝ","14:33:42","","2020/02/18 00:00:00","2020/02/18 00:00:00","0","0","","",""
"1411320A","株式会社竹内製作所　第一工場","第一工場","御中","","","","","","","","3890605","長野県埴科郡坂城町上平205","","","","","0268-81-1115","","","2","1411320","3","2","1","2","100112","ﾀｹｳﾁｾｲｻｸｼｮ","15:35:22","","2020/06/05 00:00:00","2020/07/29 00:00:00","3","0","","",""
"2196312S","日立建機株式会社　播州工場サービスパーツ","日立建機㈱播州工場SP","様","","","","","","","","675-1113","加古郡稲美町岡２６８０番地","","","","","0794-95-1213","","","3","2196312","0","2","2","1","100105","ﾋﾀﾁ","15:06:53","","2020/07/01 00:00:00","2020/07/01 00:00:00","2","0","","",""
"16241104","日立建機㈱常陸那珂臨港工場　臨港荷受1","臨港UR・臨港荷受","御中","","","","","","","","312-0004","茨城県ひたちなか市長砂163-10","","","","","029-265-2057","","","1","1624110","2","2","1","1","10012","ﾋﾀﾁ","14:55:30","","2020/10/01 00:00:00","2021/11/02 00:00:00","3","0","","",""
"16241106","日立建機㈱常陸那珂臨港工場　臨港荷受1","臨港小物荷受","御中","","","","","","","","312-0004","茨城県ひたちなか市長砂163-10","","","","","029-265-2057","","","1","1624110","2","2","1","1","100112","ﾋﾀﾁ","10:47:55","","2021/07/09 00:00:00","2021/07/15 00:00:00","3","0","","",""
"1624102A","住友重機械建機クレーン㈱部品ｾﾝﾀ半田倉庫","HSC㈱　部品センタ半田倉庫","御中","","","木村","様","","","","475-0021","愛知県半田市州の崎町二丁目１１５番地","","","","","0562-47-7117","","","2","1624102","1","2","1","1","100106","ｽﾐﾄﾓ","11:58:30","","2022/01/20 00:00:00","2022/01/20 00:00:00","3","0","","",""
"1694229","株式会社本田技術研究所","㈱本田技術研究所","御中","","","","","","","","3510193","埼玉県和光市中央1-4-1　和光受入（Ｗ）","埼玉県和光市本町8-1　和光受入(Y)","","","","048-462-6005","","048-462-5293","1","1694229","3","2","1","2","300137","ﾎﾝﾀﾞ","12:28:16","","2022/02/01 00:00:00","2022/02/15 00:00:00","4","0","","",""
"16241105","日立建機株式会社　播州工場","日立建機㈱　播州","御中","","","","","","","","675-1113","加古郡稲美町岡2680番地","","","","","079-495-1213","","","3","1624110","3","2","1","1","100105","ﾋﾀﾁ","11:15:06","","2021/04/19 00:00:00","2021/07/15 00:00:00","2","0","","","100115"
"2046667","","","","","","","","","","","","","","","","","","","","0","2046667","3","2","1","2","100090","","11:47:47","","2020/12/02 00:00:00","2020/12/02 00:00:00","0","0","","",""
"1251375H","水登社直送納場","水登社直送納場","御中","","","","","","","","","","","","","","078-556-6286","","","1","1251375","3","2","1","2","100106","","11:06:10","","2021/08/27 00:00:00","2021/08/27 00:00:00","1","0","","",""
"1251375K","㈱リョーサン播磨ＣＡＢ2","リョーサン播磨ＣＡＢ　2","御中","","","","","","","","6750155","兵庫県加古郡播磨町新島3番地","","","","","079-430-0013","","","1","1251375","3","2","1","2","100106","ﾘｮｰｻﾝ","10:44:15","","2022/03/28 00:00:00","2022/11/25 00:00:00","1","0","","",""
"1251375L","㈱リョーサン播磨物流倉庫(プロマテ納場)","リョーサン播磨(ﾌﾟﾛﾏﾃ納場","御中","","","","","","","","6750155","兵庫県加古郡播磨町新島3番地","","","","","079-430-0013","","","1","1251375","3","2","1","2","100106","ﾘｮｰｻﾝ","14:59:35","","2022/06/20 00:00:00","2022/06/20 00:00:00","1","0","","",""
"1251375M","㈱リョーサン播磨CAB1","リョーサン播磨ＣＡＢ　1","御中","","","","","","","","6750155","兵庫県加古郡播磨町新島3番地","","","","","079-430-0013","","","1","1251375","3","2","1","2","100106","ﾘｮｰｻﾝ","10:40:01","","2022/08/19 00:00:00","2022/08/19 00:00:00","1","0","","",""
"1411445","株式会社タダノ　志度工場","㈱タダノ　志度工場","御中","","","","","","","","769-2101","香川県さぬき市志度5405番地3","","","","","087-894-8050","087-894-8288","","0","1411445","3","2","1","2","300137","ﾀﾀﾞﾉ","10:02:16","","2023/01/16 00:00:00","2023/01/16 00:00:00","0","0","","",""
"16241107","日立建機㈱  南総通運龍ケ崎物流倉庫","南総通運倉庫","御中","","","","","","","","301-0852","茨城県龍ケ崎市向陽台6-5","","","","","070-2657-1447","","","1","1624110","2","2","1","1","100126","ﾋﾀﾁ","08:48:41","","2023/03/08 00:00:00","2023/03/20 00:00:00","3","0","","",""
"1251375O","CAT　㈱ﾘｮｰｻﾝ(CJL1荷受け場","CAT  （CJL1 荷受け場）","御中","","","","","","","","6750155","兵庫県加古郡播磨町新島3番地","","","","","079-430-0013","","","1","1251375O","3","2","1","2","100136","ｷｬﾀﾋﾟﾗｰ","09:46:34","","2023/03/30 00:00:00","2026/03/02 00:00:00","5","0","","","100115"
"1411149","ダイトロン株式会社","ダイトロン㈱","御中","","","","","","","","532-0003","大阪府大阪市淀川区宮原４丁目６－１１","東京都国立市富士見台3-15-1","","","","06-6399-5041","06-6399-6041","","2","1411149","2","2","1","2","300137","ﾀﾞｲﾄﾛﾝ","10:43:38","","2025/01/07 00:00:00","2025/01/09 00:00:00","4","0","","",""
"1285135A","株式会社技研製作所   関西工場","㈱技研製作所　関西工場","御中","","","","","","","","669-4342","兵庫県丹波市市島町矢代４０１番地","","","","","0795-85-2755","0795-80-3002","","3","1285135","2","2","1","2","100150","ｷﾞｹﾝｾｲｻｸｼｮ","13:21:01","","2025/04/23 00:00:00","2025/04/23 00:00:00","7","0","","",""
"1411320N","株式会社竹内製作所　プロダクト（経費）","経費（プロダクト）","御中","","","","","","","","3890605","長野県埴科郡坂城町上平20","","","","","0268-81-1110","","","2","1411320","3","2","1","2","100105","","10:44:07","","2025/03/06 00:00:00","2025/03/06 00:00:00","3","0","","",""
"1285135B","株式会社技研製作所   関東工場","㈱技研製作所　関東工場","御中","","","","","","","","279-0024","千葉県浦安市港７５番地１","","","","","047-318-9033","047-354-5512","","3","1285135","2","2","1","2","100150","ｷﾞｹﾝｾｲｻｸｼｮ","13:22:48","","2025/04/23 00:00:00","2025/04/23 00:00:00","7","0","","",""
"1285135C","株式会社垣内 東工場","㈱垣内 東工場","御中","","","","","","","","783-0049","高知県南国市岡豊町中島３２２－８","","","","","088-855-7505","088-855-7506","","3","1285135","2","2","1","2","100150","","13:23:49","","2025/04/23 00:00:00","2025/04/23 00:00:00","7","0","","",""
"1285135D","株式会社エスイージー","㈱エスイージー","御中","","","","","","","","783-0082","高知県南国市里改田２０３","","","","","088-865-8130","088-802-5546","","3","1285135","2","2","1","2","100150","","13:18:33","","2025/04/23 00:00:00","2025/04/23 00:00:00","7","0","","",""
"1214131","株式会社加藤製作所","㈱加藤製作所","御中","","","","","","","","306-0313","茨城県猿島郡五霞町元栗橋5206","東京都品川区東大井 1-9-37","","","","0280-84-1479","","","2","1214131","2","2","1","1","300137","ｶﾄｳｾｲｻｸｼｮ","09:56:30","","2024/11/05 00:00:00","2024/11/06 00:00:00","6","0","","","100110"
"1516144A","因幡電機産業㈱大阪物流","因幡電機産業㈱大阪物流","御中","","","","","","","","577-0065","大阪府東大阪市高井田中5-3-15","","","","","06-6788-1783","06-6782-0336","","1","1516144","1","2","2","1","100105","","16:28:08","","2024/12/20 00:00:00","2024/12/20 00:00:00","2","0","","",""
"1214133","㈱加藤製作所 坂東工場","㈱加藤製作所 坂東工場","御中","","部品倉庫","","","","","","306-0658","茨城県坂東市緑の里12番","","","","","0297-34-1140","0297-34-1137","","2","1214131","2","2","1","1","100046","ｶﾄｳｾｲｻｸｼｮ","13:26:16","","2024/12/19 00:00:00","2024/12/19 00:00:00","6","0","","",""
"1214132","㈱加藤製作所   群馬工場","㈱加藤製作所　群馬工場","御中","","","","","","","","373-0015","群馬県太田市東新町823","","","","","0276-37-3111","","","2","1214131","2","2","1","1","100046","ｶﾄｳｾｲｻｸｼｮ","15:20:24","","2024/11/05 00:00:00","2024/11/05 00:00:00","6","0","","",""
"1693340","ブリヂストンケービージー株式会社","ブリヂストンケービージー㈱","御中","","","","","","","","578-0921","東大阪市水走1丁目15番30号　株式会社KBGアドバンス","","","","","072-968-2400","072-964-0693","","4","1693340","1","2","1","1","300137","ﾌﾞﾘﾁﾞｽﾄﾝ","10:47:40","","2025/03/10 00:00:00","2025/04/02 00:00:00","3","0","","",""
"1411320M","株式会社竹内製作所　青木工場","経費（青木4組立）","御中","","","","","","","","386-1603","長野県小県郡青木村当郷 275-1","","","","","0268-75-0411","","","2","1411320","3","2","1","2","100105","ﾀｹｳﾁｾｲｻｸｼｮ","17:06:11","","2025/02/19 00:00:00","2025/02/19 00:00:00","3","0","","",""
"1251332X","郷商事㈱小前田運輸㈱","郷商事㈱小前田運輸㈱","御中","","","","","","","","923-0994","石川県小松市工業団地1丁目","111番地　小前田運輸㈱本社倉庫","","","","0761-23-1120","","","3","1251332","1","2","1","2","100046","ｺﾏｴﾀﾞ","13:39:37","","2025/06/13 00:00:00","2025/06/13 00:00:00","2","0","","",""
"16241108","日立建機㈱常陸那珂工場　第一荷受","なか第一","御中","","","","","","","","312-0005","茨城県ひたちなか市新光町552-48","","","","","029-264-2056","","","1","1624110","2","2","1","1","100126","ﾋﾀﾁ","17:08:07","","2024/11/19 00:00:00","2024/11/19 00:00:00","3","0","","",""
"1251369","コベルコシンワ株式会社","コベルコシンワ㈱","御中","","","","","","","","738-0022","広島県廿日市市木材港南1-53","","","","","0829-34-0021","","","2","1251369","1","2","1","2","300137","ｺﾍﾞﾙｺｼﾝﾜ","15:45:38","","2025/01/16 00:00:00","2025/01/16 00:00:00","3","0","","",""
"1411320Y","中部陸運㈱　物流センター","中陸塩尻","御中","","","増田","様","","","","3860043","長野県上田市下塩尻158","","","","","0268-24-4403","","","2","1411320","3","2","1","2","100105","ﾁｭｳﾘｸｼｵｼﾞﾘ","15:42:56","","2025/01/14 00:00:00","2025/01/14 00:00:00","3","0","","",""
"1251375T","CAT　㈱ﾘｮｰｻﾝ(01A納場)","CAT　(01A納場)海外直送品","御中","","","","","","","","","兵庫県加古郡播磨町新島3番地","","","","","","","","1","1251375","3","2","1","2","100150","ｷｬﾀﾋﾟﾗｰ","14:21:10","","2025/07/04 00:00:00","2025/07/04 00:00:00","1","0","","",""
"1411222I","大京㈱　今江工場","大京㈱今江工場","様","DAIKYO INCORPORATED","","吉田","様","","","","9230964","石川県小松市今江9丁目45","","","","Komatsu","0761-44-1111","0761-44-8888","","2","1411222","2","2","2","2","100046","ﾀﾞｲｷｮｳ","11:30:09","","2026/03/12 00:00:00","2026/03/16 00:00:00","3","0","","",""
"1239461","グローバル電子株式会社","グローバル電子㈱","御中","Global Electronics Corporation","","江頭 様　小田 様","","","","","532-0011","大阪府大阪市淀川区西中島6丁目1-3","","","","","06-6307-2324","06-6307-2988","","3","1239461","2","2","2","1","100062","ｸﾞﾛｰﾊﾞﾙﾃﾞﾝ","10:57:13","","2026/03/19 00:00:00","2026/03/19 00:00:00","2","0","","",""
"1251375W","納場０４経由阪神機器行専用","納場０４経由阪神機器行専用(H4)","御中","","","","","","","","6748686","兵庫県明石市魚住町清水1106-4","","","","","078-556-6286","","","1","1251375","3","2","1","2","100150","","14:07:34","","2026/06/25 00:00:00","2026/06/25 00:00:00","1","0","","",""
"1319983F","古川ユニック㈱ 佐倉工場　ラインサポート","古川ユニック㈱","御中","FURUKAWA","","","","","","","285-8511","千葉県佐倉市太田字外野2348","","","","","","","","3","1319983","2","2","1","2","100046","ﾌﾙｶﾜ","08:52:27","","2025/11/21 00:00:00","2025/11/21 00:00:00","4","0","","",""
"1239461A","グローバル電子株式会社　商品センター","グローバル電子㈱　商品センター","御中","Global Electronics Corporation","","江頭 様　小田 様","","","","","277-0861","千葉県柏市高田1400-1","","","","","04-7143-2756","04-7143-2582","","2","1239461","1","2","1","2","100126","ｸﾞﾛｰﾊﾞﾙﾃﾞﾝ","18:18:22","","2026/06/12 00:00:00","2026/06/12 00:00:00","2","0","","",""
"1624130","日立建機日本株式会社","日立建機日本㈱","御中","","","","","","","","340-0004","埼玉県草加市弁天5-33-25","","","","","048-931-9306","","","0","1624130","2","2","2","1","100062","ﾋﾀﾁｹﾝｷﾆﾎﾝ","10:49:19","","2026/07/22 00:00:00","2026/07/22 00:00:00","0","0","","",""
"1285135E","株式会社タガミ・イーエクス","㈱タガミ・イーエクス","御中","","","","","","","","923-1101","石川県能美市粟生町西７０５－１（粟生工業団地内）工務Ｇ","","","","","0761-57-4570","0761-57-4595","","3","1285135","2","2","1","2","100150","","14:05:03","","2025/07/22 00:00:00","2025/07/22 00:00:00","7","0","","",""
"16241109","日立建機㈱常陸那珂工場　第三2荷受　ナカダイサン2","なか第三　ナカダイサン2","御中","","","","","","","","312-0005","茨城県ひたちなか市新光町552-48","","","","","029-264-2056","","","1","1624110","2","2","1","2","100126","ﾋﾀﾁ","09:26:03","","2025/09/03 00:00:00","2025/09/04 00:00:00","3","0","","",""
"1257152H","コマツ物流関東補給センタ","コマツ物流関東","御中","","","","","","","","323-0819","栃木県小山市横倉新田400","","","","","","","","2","1257150","1","1","1","2","100046","ｺﾏﾂﾌﾞﾂﾘｭｳ","08:56:04","","2025/11/21 00:00:00","2025/11/21 00:00:00","5","0","","",""
"1257140O","大友ロジスティックスサービス㈱　コマツ営業所","大友ロジ","御中","","","","","","","","922-0326","石川県加賀市桑原町ハ9-1","","","","","","","","2","1257140","3","1","2","2","100046","ｵｵﾄﾓ","09:00:07","","2025/11/21 00:00:00","2025/11/21 00:00:00","5","0","","",""
"1257149C","千葉実業㈱　茨城工場","千葉実業","御中","","","","","","","","310-0841","茨城件水戸市酒門町3958-1　Ｎ5納場","","","","","","","","2","1257149I","3","2","2","2","100046","ﾁﾊﾞｼﾞﾂｷﾞｮｳ","09:02:53","","2025/11/21 00:00:00","2025/11/21 00:00:00","5","0","","",""
"2055782","Motherson Sumi Wiring India Ltd","Motherson Sumi","","Motherson Sumi Wiring India Ltd.","","","","","","","","C-14A&B, 1A&1B, Sector-1,","Noida-201301, Uttar Pradesh, India","","","","+91-01189-06752317","","","30","2055782","3","2","1","2","100062","ﾏｻﾞｰｿﾝ","17:05:16","","2026/03/11 00:00:00","2026/03/11 00:00:00","1","0","","",""
"2011726","Caterpillar Inc.","Caterpillar Inc.","","Caterpillar Inc.","","","","","","","","5205 N O'connor Blvd Ste100,","Irving, TX 75039","","","","972-891-7700","","","30","2011726","3","2","1","2","100062","ｷｬﾀﾋﾟﾗｰｲﾝｸ","17:16:55","","2026/03/11 00:00:00","2026/03/11 00:00:00","1","0","","",""
"17243666","三菱重工ｻｰﾏﾙｼｽﾃﾑｽﾞ株式会社","三菱ｻｰﾏﾙ㈱　　1Z支庫","御中","","","","","","","","","","","","","","","","","3","1724366","3","2","1","2","100150","ﾐﾂﾋﾞｼｼﾞｭｳｺ","11:01:05","","2026/04/08 00:00:00","2026/04/08 00:00:00","4","0","","",""
"16241301","日立建機日本株式会社　関西サービス工場","日立建機日本㈱関西サービス工場","御中","","","","","","","","6188511","京都府乙訓郡大山崎町字大山崎小字岸畑22","","","","","0759561544","0759576563","","1","16241301","1","2","2","1","100126","ﾋﾀﾁｹﾝｷﾆﾎﾝ","14:25:04","","2026/07/30 00:00:00","2026/07/30 00:00:00","1","0","","",""
"1251375U","明華工業","明華工業（L1）","御中","","","","","","","","674-0074","兵庫県明石市魚住町清水1085番地","","","","","078-942-5511","","","1","1251375","3","2","1","2","100150","","10:14:13","","2025/10/27 00:00:00","2025/10/27 00:00:00","1","0","","",""
"1251375V","明華工業","明華工業（L3）","御中","","","","","","","","674-0074","兵庫県明石市魚住町清水1085番地","","","","","078-942-5511","","","1","1251375","3","2","1","2","100150","","14:27:50","","2026/02/13 00:00:00","2026/02/13 00:00:00","1","0","","",""
"1817146F","デンヨー㈱（国内向け）","デンヨー（国内）","御中","DENYO","製造部管理課","秋山","様","","","","919-1397","福井県三方上中郡若狭町相田38-1","","","","","0770-45-2211","0770-45-9010","","0","1817146","1","2","1","2","100106","ﾃﾞﾝﾖ","09:32:41","","2026/08/25 00:00:00","2026/08/25 00:00:00","0","0","","",""
"1817146A","デンヨー㈱（海外向け）","デンヨー（海外）","御中","DENYO","製造部管理課","秋山","様","","","","919-1397","福井県三方上中郡若狭町相田38-1","","","","","0770-45-2211","0770-45-9010","","0","1817146","1","2","1","2","100106","ﾃﾞﾝﾖ","09:32:23","","2026/08/25 00:00:00","2026/08/25 00:00:00","0","0","","",""
"2417423","株式会社為国製作所","㈱為国製作所","御中","Tamekuni seisakusyo","","為国　一也","様","","為国　一也","様","671-1223","兵庫県姫路市網干区坂上392-5","","","","","079-274-2418","079-274-2418","","1","2417423","3","2","1","2","100062","ﾀﾒｸﾆｾｲｻｸｼｮ","14:17:06","","2025/09/30 00:00:00","2025/09/30 00:00:00","1","0","","",""
"1251332N","㈱二ホンパッケージ ロジスティックスセンター","㈱二ホンパッケージ","御中","","","","","","","","922-0401","石川県加賀市新保町","弐22-1","Ｂ-4シャッター 郷商事殿気付","","","0761-74-7999","","","3","1251332","1","2","1","2","100046","ﾆﾎﾝ","12:07:19","","2026/01/09 00:00:00","2026/01/09 00:00:00","2","0","","",""
